,molecule_chembl_id,canonical_smiles,bioactivity_class,MW,LogP,NumHDonors,NumHAcceptors,pIC50
0,CHEMBL372962,C#CCCCn1c(Sc2cc3c(cc2I)OCO3)nc2c(N)ncnc21,active inhibtor,479.3030000000002,3.306400000000001,1.0,8.0,-2.0
1,CHEMBL199505,C#CCCCn1c(Cc2cc(OC)c(OC)cc2Cl)nc2c(N)nc(F)nc21,inactive inhibtor,403.84500000000014,3.2224000000000013,1.0,7.0,-4.477121254719663
2,CHEMBL372791,C#CCCCn1c(Cc2cc(OC)c(OC)cc2Br)nc2c(N)nc(F)nc21,inactive inhibtor,448.2960000000001,3.331500000000001,1.0,7.0,-4.698970004336019
3,CHEMBL202777,C#CCCCn1c(Cc2cc(OC)c(OC)cc2I)nc2c(N)nc(F)nc21,inactive inhibtor,495.2960000000001,3.1736000000000013,1.0,7.0,-4.698970004336019
4,CHEMBL201683,C#CCCCn1c(Cc2cc3c(cc2Cl)OCO3)nc2c(N)nc(F)nc21,active inhibtor,387.80200000000013,2.9338999999999995,1.0,7.0,-2.4771212547196626
5,CHEMBL199283,C#CCCCn1c(Cc2cc3c(cc2Br)OCO3)nc2c(N)nc(F)nc21,active inhibtor,432.2530000000002,3.043000000000001,1.0,7.0,-2.322219294733919
6,CHEMBL377482,C#CCCCn1c(Cc2cc3c(cc2I)OCO3)nc2c(N)nc(F)nc21,active inhibtor,479.2530000000002,2.8850999999999996,1.0,7.0,-1.9542425094393248
7,CHEMBL365159,C#CCCCn1c(Sc2cc3c(cc2Br)OCO3)nc2c(N)ncnc21,active inhibtor,432.3030000000002,3.4643000000000015,1.0,8.0,-2.5622928644564746
8,CHEMBL200001,CC(C)NCCCn1c(Cc2cc3c(cc2I)OCO3)nc2c(N)nc(F)nc21,active inhibtor,512.3270000000002,2.8598,2.0,8.0,-1.9030899869919435
9,CHEMBL383189,CC(C)NCCCn1c(Sc2cc3c(cc2Br)OCO3)nc2c(N)ncnc21,active inhibtor,465.3770000000002,3.439000000000001,2.0,9.0,-2.311753861055754
10,CHEMBL200102,CC(C)NCCCn1c(Sc2cc3c(cc2I)OCO3)nc2c(N)ncnc21,active inhibtor,512.3770000000002,3.2811000000000003,2.0,9.0,-1.6989700043360187
11,CHEMBL510001,COc1cc(C(=O)n2ncc3cc(N)ccc32)cc(OC)c1OC,inactive inhibtor,327.34000000000015,2.3328000000000007,1.0,7.0,-4.907196310271602
12,CHEMBL449164,CO[C@H]1/C=C\C=C(/C)C(=O)NC2=CC(=O)C(NCCN(C)C)=C(C[C@@H](C)C[C@H](OC)[C@H](OC(=O)NN)[C@@H](C)/C=C(\C)[C@@H]1OC(N)=O)C2=O,active inhibtor,674.7960000000003,1.520800000000006,5.0,12.0,-0.6989700043360189
13,CHEMBL383824,CO[C@H]1/C=C\C=C(/C)C(=O)NC2=CC(=O)C(NCCN(C)C)=C(C[C@@H](C)C[C@H](OC)[C@H](O)[C@@H](C)/C=C(\C)[C@@H]1OC(N)=O)C2=O,active inhibtor,616.7560000000003,1.9132000000000022,4.0,10.0,-1.380211241711606
14,CHEMBL414883,C[C@@H]1C[C@H]2O[C@@H]2/C=C\C=C\C(=O)Cc2c(Cl)c(O)cc(O)c2C(=O)O1,active inhibtor,364.78100000000006,2.6916000000000015,2.0,6.0,-1.3010299956639813
15,CHEMBL526127,C[C@@H]1C/C=C/CC/C=C/C(=O)Cc2c(Cl)c(O)cc(O)c2C(=O)O1,active inhibtor,350.79800000000006,3.704400000000003,2.0,5.0,-1.9030899869919435
16,CHEMBL491499,C[C@H]1CCCC(=O)CCCCCc2cc(O)cc(O)c2C(=O)O1,active inhibtor,320.38500000000005,3.4990000000000028,2.0,5.0,-1.9542425094393248
17,CHEMBL113690,CCCCn1c(Cc2cc(OC)c(OC)c(OC)c2)nc2c(N)ncnc21,active inhibtor,371.44100000000003,2.8252000000000006,1.0,8.0,-3.0
18,CHEMBL191635,C#CCCCn1c(Sc2cc(OC)ccc2I)nc2c(N)ncnc21,active inhibtor,465.3200000000001,3.5863000000000014,1.0,7.0,-2.4471580313422194
19,CHEMBL365159,C#CCCCn1c(Sc2cc3c(cc2Br)OCO3)nc2c(N)ncnc21,active inhibtor,432.3030000000002,3.4643000000000015,1.0,8.0,-2.4771212547196626
20,CHEMBL199532,COc1ccc(I)c(Sc2nc3c(N)ncnc3n2CCCNC(C)(C)C)c1,active inhibtor,512.4210000000004,3.951100000000003,2.0,8.0,-1.146128035678238
21,CHEMBL381115,COc1ccc(I)c(Sc2nc3c(N)ncnc3n2CCNCC(C)(C)C)c1,active inhibtor,512.4210000000004,3.808600000000002,2.0,8.0,-1.9542425094393248
22,CHEMBL200001,CC(C)NCCCn1c(Cc2cc3c(cc2I)OCO3)nc2c(N)nc(F)nc21,active inhibtor,512.3270000000002,2.8598,2.0,8.0,-1.9542425094393248
23,CHEMBL213262,CCCCn1c(Sc2nc3cccc(Cl)c3s2)nc2c(N)ncnc21,active inhibtor,390.9250000000001,4.622900000000002,1.0,8.0,-2.255272505103306
24,CHEMBL215947,Nc1ncnc2c1nc(Sc1nc3cccc(Cl)c3s1)n2CCNC1CC1,active inhibtor,417.9510000000002,3.5748000000000015,2.0,9.0,-2.041392685158225
25,CHEMBL215657,CC(C)(C)CNCCn1c(Sc2nc3cccc(Cl)c3s2)nc2c(N)ncnc21,active inhibtor,448.02100000000013,4.458500000000003,2.0,9.0,-2.041392685158225
26,CHEMBL377371,CCOP(=O)(CCn1c(Sc2nc3cccc(Cl)c3s2)nc2c(N)ncnc21)OCC,active inhibtor,498.9580000000003,5.088900000000003,1.0,11.0,-1.4771212547196624
27,CHEMBL212133,CCOP(=O)(CCn1c(Sc2nc3cncc(Br)c3s2)nc2c(N)ncnc21)OCC,active inhibtor,544.397,4.5930000000000035,1.0,12.0,-1.4471580313422192
28,CHEMBL212850,CCOP(=O)(CCn1c(Sc2nc3cncc(Cl)c3s2)nc2c(N)ncnc21)OCC,active inhibtor,499.94600000000025,4.483900000000003,1.0,12.0,-1.4771212547196624
29,CHEMBL468781,COc1c(C)ncc(Cn2cnc3c(Cl)nc(N)nc32)c1C,active inhibtor,318.7680000000001,2.1306399999999996,1.0,7.0,-1.3010299956639813
30,CHEMBL467399,COc1c(C)cnc(Cn2cnc3c(Cl)nc(N)nc32)c1C,active inhibtor,318.7680000000001,2.1306399999999996,1.0,7.0,-1.4771212547196624
31,CHEMBL365617,CCNC(=O)c1n[nH]c(-c2cc(Cl)c(O)cc2O)c1-c1ccc(OC)cc1,active inhibtor,387.82300000000015,3.566600000000001,4.0,5.0,-1.3979400086720377
32,CHEMBL200469,CC(=O)c1ccc(NC(=O)c2cn[nH]c2-c2cc(Cl)c(O)cc2O)cc1,active inhibtor,371.7800000000001,3.5962000000000014,4.0,5.0,-2.41161970596323
33,CHEMBL200255,NS(=O)(=O)c1ccc(CNC(=O)c2cn[nH]c2-c2cc(Cl)c(O)cc2O)cc1,active inhibtor,422.85000000000014,1.7186999999999995,5.0,6.0,-2.663700925389648
34,CHEMBL208239,CS(=O)(=O)c1ccc(CN2CCN(c3cn[nH]c3-c3cc(Cl)c(O)cc3O)CC2)cc1,active inhibtor,462.9590000000002,2.867000000000001,3.0,7.0,-2.8692317197309762
35,CHEMBL251974,Oc1cc(O)c(-c2n[nH]cc2N2CCN(Cc3ccccc3)CC2)cc1Cl,active inhibtor,384.8670000000001,3.4635000000000016,3.0,5.0,-2.7781512503836434
36,CHEMBL252124,CCNC(=O)c1noc(-c2cc(Cl)c(O)cc2O)c1-c1ccc(OC)cc1,active inhibtor,388.80700000000013,3.831500000000003,3.0,6.0,-1.4471580313422192
37,CHEMBL371915,O=S(=O)(Nc1ccc(O)c(-c2c(O)ccc3ccccc23)c1)c1cc(Cl)ccc1Cl,active inhibtor,460.3380000000002,6.025600000000003,3.0,4.0,-2.845098040014257
38,CHEMBL458860,COc1ccc(N2C(/C=C/c3cccc(OC)c3O)=Nc3ccccc3C2O)cc1,inactive inhibtor,402.4500000000001,4.663900000000006,2.0,6.0,-4.301029995663981
39,CHEMBL109480,C=CCNC1=C2C[C@@H](C)C[C@H](OC)[C@H](O)[C@@H](C)/C=C(\C)[C@H](OC(N)=O)[C@@H](OC)/C=C\C=C(/C)C(=O)NC(=CC1=O)C2=O,active inhibtor,585.6980000000002,2.537600000000001,4.0,9.0,-1.5185139398778875
40,CHEMBL109480,C=CCNC1=C2C[C@@H](C)C[C@H](OC)[C@H](O)[C@@H](C)/C=C(\C)[C@H](OC(N)=O)[C@@H](OC)/C=C\C=C(/C)C(=O)NC(=CC1=O)C2=O,active inhibtor,585.6980000000002,2.537600000000001,4.0,9.0,-1.1760912590556813
41,CHEMBL404630,Oc1cc(O)c(-c2noc3ccc(NCCN4CCOCC4)cc23)cc1Cl,active inhibtor,389.83900000000017,3.3035000000000014,3.0,7.0,-1.4771212547196624
42,CHEMBL278315,COC1=C2C[C@@H](C)C[C@H](OC)[C@H](O)[C@@H](C)/C=C(\C)[C@H](OC(N)=O)[C@@H](OC)/C=C\C=C(/C)C(=O)NC(=CC1=O)C2=O,active inhibtor,560.6440000000002,2.4084000000000003,3.0,9.0,-1.3010299956639813
43,CHEMBL512064,C[C@H]1C[C@H]2O[C@@H]2CC/C=C/C(=O)Cc2c(Cl)c(O)cc(O)c2C(=O)O1,active inhibtor,366.7970000000001,2.9156000000000017,2.0,6.0,-1.9542425094393248
44,CHEMBL456678,Cc1nc(-c2c(-c3ccc(O)cc3O)noc2C(F)(F)F)cs1,active inhibtor,342.29799999999994,4.203520000000002,2.0,6.0,-3.9542425094393248
45,CHEMBL555136,CCNC(=O)c1cc2c(-c3cc(OCC(N)=O)c(Cl)cc3Cl)nc(N)nc2s1,active inhibtor,440.3120000000001,2.8611000000000004,3.0,7.0,-1.462397997898956
46,CHEMBL560099,CCN(CC)CCOc1cc(-c2nc(N)nc3sc(C(=O)NCC(F)(F)F)cc23)c(Cl)cc1Cl,active inhibtor,536.4070000000002,5.260000000000003,2.0,7.0,-1.6720978579357175
47,CHEMBL549749,CCNC(=O)c1cc2c(-c3cc(OCCN(CC)CC)c(Cl)cc3Cl)nc(N)nc2s1,active inhibtor,482.4370000000001,4.717600000000004,2.0,7.0,-1.7481880270062005
48,CHEMBL563327,CCNC(=O)c1cc2c(-c3cc(OCCN4CCCC4)c(Cl)cc3Cl)nc(N)nc2s1,active inhibtor,480.42100000000016,4.471600000000003,2.0,7.0,-1.7634279935629373
49,CHEMBL550023,CCNC(=O)c1cc2c(-c3cc(OCCN4CCC(F)(F)CC4)c(Cl)cc3Cl)nc(N)nc2s1,active inhibtor,530.4280000000002,5.106900000000004,2.0,7.0,-1.7634279935629373
50,CHEMBL561428,CCN(CC)CCOc1cc(-c2nc(N)nc3sc(C(=O)NC4CC4)cc23)c(Cl)cc1Cl,active inhibtor,494.4480000000002,4.860100000000004,2.0,7.0,-1.806179973983887
51,CHEMBL557689,CCNC(=O)c1cc2c(-c3cc(OCCCN(C)C)c(Cl)cc3Cl)nc(N)nc2s1,active inhibtor,468.4100000000001,4.327500000000003,2.0,7.0,-1.9030899869919435
52,CHEMBL561359,CCNC(=O)c1cc2c(-c3cc(OCC#N)c(Cl)cc3Cl)nc(N)nc2s1,active inhibtor,422.29700000000014,3.8993800000000016,2.0,7.0,-1.9030899869919435
53,CHEMBL561560,CCNC(=O)c1cc2c(-c3cc(OCCNCCOC)c(Cl)cc3Cl)nc(N)nc2s1,active inhibtor,484.4090000000001,3.6118000000000015,3.0,8.0,-1.9242792860618816
54,CHEMBL560298,CCNC(=O)c1cc2c(-c3cc(ONC4CCCCC4)c(Cl)cc3Cl)nc(N)nc2s1,active inhibtor,480.42100000000016,5.213100000000003,3.0,7.0,-1.9395192526186185
55,CHEMBL554735,CCNC(=O)c1cc2c(-c3cc(OCCN4CCN(C)CC4)c(Cl)cc3Cl)nc(N)nc2s1,active inhibtor,509.4630000000002,3.6232000000000015,2.0,8.0,-2.0086001717619175
56,CHEMBL549817,CCNC(=O)c1cc2c(-c3cc(OCCN(C)C)c(Cl)cc3Cl)nc(N)nc2s1,active inhibtor,454.38300000000015,3.937400000000003,2.0,7.0,-2.103803720955957
57,CHEMBL560835,CCNC(=O)c1cc2c(-c3cc(OC4CCN(CC)C4)c(Cl)cc3Cl)nc(N)nc2s1,active inhibtor,480.42100000000016,4.470000000000003,2.0,7.0,-2.24551266781415
58,CHEMBL563168,CCNC(=O)c1cc2c(-c3ccc(Cl)cc3Cl)nc(N)nc2s1,active inhibtor,367.2610000000001,3.9970000000000017,2.0,5.0,-2.361727836017593
59,CHEMBL564860,CCNC(=O)c1cc2c(-c3ccc(C#N)cc3C)nc(N)nc2s1,active inhibtor,337.4080000000001,2.8703000000000003,2.0,6.0,-2.4771212547196626
60,CHEMBL549674,CCNC(=O)c1cc2c(-c3ccc(C)cc3C)nc(N)nc2s1,active inhibtor,326.425,3.3070400000000015,2.0,5.0,-2.531478917042255
61,CHEMBL554503,CCNC(=O)c1cc2c(-c3ccc(Cl)cc3)nc(N)nc2s1,active inhibtor,332.8160000000001,3.3436000000000003,2.0,5.0,-2.8573324964312685
62,CHEMBL554496,CCOc1ccc(-c2c(C#N)c(N)nc3sc(C(N)=O)c(N)c23)cc1,inactive inhibtor,353.4070000000001,2.4969799999999998,3.0,7.0,-2.9542425094393248
63,CHEMBL549340,Nc1ncc(/N=N/c2ccccc2)c(-c2ccc(Cl)cc2Cl)n1,inactive inhibtor,344.2050000000001,5.448000000000002,1.0,5.0,-3.1931245983544616
64,CHEMBL563361,CCNC(=O)c1cc2c(-c3ccccc3)nc(N)nc2s1,inactive inhibtor,298.37100000000004,2.6902,2.0,5.0,-3.7558748556724915
65,CHEMBL561426,CSc1nc(N)nc(-c2ccccc2)n1,inactive inhibtor,218.28500000000005,1.8426999999999998,1.0,5.0,-4.301029995663981
66,CHEMBL541949,CSc1nc(C)nc(N)n1,inactive inhibtor,156.214,0.48412,1.0,5.0,-5.544068044350276
67,CHEMBL540934,COC(=O)Cc1cc(O)cc(O)c1,inactive inhibtor,182.175,0.8132999999999999,2.0,4.0,-5.690196080028514
68,CHEMBL549547,CNC(=O)CSc1cc(C)nc(N)n1,inactive inhibtor,212.278,0.20531999999999984,2.0,5.0,-5.7283537820212285
69,CHEMBL539379,CCC(=O)c1ccc(O)cc1O,inactive inhibtor,166.176,1.6905,2.0,3.0,-5.7558748556724915
70,CHEMBL549673,NC(=O)c1cc2c(N)nc(N)nc2s1,inactive inhibtor,209.234,-0.04539999999999994,3.0,6.0,-6.096910013008056
71,CHEMBL226345,Nc1[nH]cnc2ncnc1-2,active inhibtor,135.13,-0.11330000000000012,2.0,4.0,-6.6020599913279625
72,CHEMBL43175,NC(=O)c1ccccc1N,active inhibtor,136.15399999999994,0.3677,2.0,2.0,-6.6020599913279625
73,CHEMBL538937,COCCOc1cc(C)nc(N)n1,active inhibtor,183.21099999999998,0.3924200000000001,1.0,5.0,-6.6020599913279625
74,CHEMBL560895,CC1(C)CC(=O)c2c(C(F)(F)F)nn(-c3ccc(C(N)=O)c(N[C@H]4CC[C@H](O)CC4)c3)c2C1,active inhibtor,464.4880000000003,3.860500000000002,3.0,6.0,-1.3424226808222062
75,CHEMBL339231,CO[C@H]1/C=C\C=C(/C)C(=O)NC2=CC(=O)C(N)=C(C[C@@H](C)C[C@H](OC)[C@H](O)[C@@H](C)/C=C(\C)[C@@H]1OC(N)=O)C2=O,active inhibtor,545.6330000000003,1.7207000000000012,4.0,9.0,-1.0791812460476249
76,CHEMBL109480,C=CCNC1=C2C[C@@H](C)C[C@H](OC)[C@H](O)[C@@H](C)/C=C(\C)[C@H](OC(N)=O)[C@@H](OC)/C=C\C=C(/C)C(=O)NC(=CC1=O)C2=O,active inhibtor,585.6980000000002,2.537600000000001,4.0,9.0,-0.8450980400142568
77,CHEMBL339231,CO[C@H]1/C=C\C=C(/C)C(=O)NC2=CC(=O)C(N)=C(C[C@@H](C)C[C@H](OC)[C@H](O)[C@@H](C)/C=C(\C)[C@@H]1OC(N)=O)C2=O,active inhibtor,545.6330000000003,1.7207000000000012,4.0,9.0,-0.8450980400142568
78,CHEMBL560895,CC1(C)CC(=O)c2c(C(F)(F)F)nn(-c3ccc(C(N)=O)c(N[C@H]4CC[C@H](O)CC4)c3)c2C1,active inhibtor,464.4880000000003,3.860500000000002,3.0,6.0,-0.8450980400142568
79,CHEMBL252164,CCNC(=O)c1noc(-c2cc(C(C)C)c(O)cc2O)c1-c1ccc(CN2CCOCC2)cc1,active inhibtor,465.55000000000035,4.125100000000003,3.0,7.0,-0.8450980400142568
80,CHEMBL467399,COc1c(C)cnc(Cn2cnc3c(Cl)nc(N)nc32)c1C,active inhibtor,318.7680000000001,2.1306399999999996,1.0,7.0,-0.8450980400142568
81,CHEMBL109480,C=CCNC1=C2C[C@@H](C)C[C@H](OC)[C@H](O)[C@@H](C)/C=C(\C)[C@H](OC(N)=O)[C@@H](OC)/C=C\C=C(/C)C(=O)NC(=CC1=O)C2=O,active inhibtor,585.6980000000002,2.537600000000001,4.0,9.0,-1.0791812460476249
82,CHEMBL252164,CCNC(=O)c1noc(-c2cc(C(C)C)c(O)cc2O)c1-c1ccc(CN2CCOCC2)cc1,active inhibtor,465.55000000000035,4.125100000000003,3.0,7.0,-0.8450980400142568
83,CHEMBL467399,COc1c(C)cnc(Cn2cnc3c(Cl)nc(N)nc32)c1C,active inhibtor,318.7680000000001,2.1306399999999996,1.0,7.0,-1.5797835966168101
84,CHEMBL252164,CCNC(=O)c1noc(-c2cc(C(C)C)c(O)cc2O)c1-c1ccc(CN2CCOCC2)cc1,inactive inhibtor,465.55000000000035,4.125100000000003,3.0,7.0,-1.3222192947339193
85,CHEMBL252164,CCNC(=O)c1noc(-c2cc(C(C)C)c(O)cc2O)c1-c1ccc(CN2CCOCC2)cc1,inactive inhibtor,465.55000000000035,4.125100000000003,3.0,7.0,-1.4913616938342726
86,CHEMBL467399,COc1c(C)cnc(Cn2cnc3c(Cl)nc(N)nc32)c1C,inactive inhibtor,318.7680000000001,2.1306399999999996,1.0,7.0,-2.146128035678238
87,CHEMBL109480,C=CCNC1=C2C[C@@H](C)C[C@H](OC)[C@H](O)[C@@H](C)/C=C(\C)[C@H](OC(N)=O)[C@@H](OC)/C=C\C=C(/C)C(=O)NC(=CC1=O)C2=O,active inhibtor,585.6980000000002,2.537600000000001,4.0,9.0,-3.103803720955957
88,CHEMBL1917724,O=C1c2ccccc2C2=C(c3nc4cnccc4[nH]3)CCCN12,active inhibtor,302.3370000000001,3.075800000000001,1.0,3.0,-4.698970004336019
89,CHEMBL1917725,O=C1c2ccccc2-c2c1cccc2-c1nc2cnccc2[nH]1,active inhibtor,297.317,3.8363000000000023,1.0,3.0,-4.698970004336019
90,CHEMBL1917726,NC(=O)CCC(=O)NC1c2ccccc2-c2c(-c3nc4cnccc4[nH]3)cccc21,active inhibtor,397.4380000000001,3.0764000000000014,3.0,4.0,-4.698970004336019
91,CHEMBL1917727,O=C(NC1c2ccccc2-c2c(-c3nc4cnccc4[nH]3)cccc21)c1ccncc1,active inhibtor,403.44500000000005,4.519700000000002,2.0,4.0,-3.113943352306837
92,CHEMBL1917728,O=C(NC1c2ccccc2-c2c(-c3nc4ccccc4[nH]3)cccc21)c1cccc2ncccc12,active inhibtor,452.5170000000001,6.277900000000004,2.0,3.0,-3.113943352306837
93,CHEMBL1917729,Nc1cc(C(=O)NC2c3ccccc3-c3c(-c4nc5cnccc5[nH]4)cccc32)ccn1,active inhibtor,418.4600000000001,4.101900000000002,3.0,5.0,-2.9542425094393248
94,CHEMBL1917878,O=C(N[C@@H]1c2ccccc2-c2c(-c3nc4cnccc4[nH]3)cccc21)c1ccnc2[nH]ccc12,active inhibtor,442.4820000000001,5.001000000000002,3.0,4.0,-1.4771212547196624
95,CHEMBL1917723,Cc1onc(-c2ccc(O)cc2O)c1-c1ccccc1,active inhibtor,267.284,3.728220000000002,2.0,4.0,-3.8808135922807914
96,CHEMBL252164,CCNC(=O)c1noc(-c2cc(C(C)C)c(O)cc2O)c1-c1ccc(CN2CCOCC2)cc1,active inhibtor,465.55000000000035,4.125100000000003,3.0,7.0,-1.7853298350107671
97,CHEMBL1940913,CCNC(=O)c1noc(-c2cc(Cl)c(O)cc2O)c1NC(=O)c1ccc(Br)cc1,active inhibtor,480.7020000000001,4.170700000000002,4.0,6.0,-2.184691430817599
98,CHEMBL1940914,CCNC(=O)c1noc(-c2cc(Cl)c(O)cc2O)c1NC(=O)c1ccc(OC)cc1,active inhibtor,431.83200000000016,3.416800000000001,4.0,7.0,-2.2648178230095364
99,CHEMBL1940915,CCNC(=O)c1noc(-c2cc(Cl)c(O)cc2O)c1NC(=O)c1ccc(OC)c(OC)c1,active inhibtor,461.85800000000023,3.4254000000000016,4.0,8.0,-2.2121876044039577
100,CHEMBL1940916,CCNC(=O)c1noc(-c2cc(Cl)c(O)cc2O)c1NC(=O)c1cc(OC)c(OC)c(OC)c1,inactive inhibtor,491.8840000000003,3.434000000000002,4.0,9.0,-2.113943352306837
101,CHEMBL1940917,CCNC(=O)c1noc(-c2cc(Cl)c(O)cc2O)c1NC(=O)c1sccc1C,active inhibtor,421.86200000000014,3.778120000000002,4.0,7.0,-1.8692317197309762
102,CHEMBL1940918,CCNC(=O)c1noc(-c2cc(Cl)c(O)cc2O)c1NC(C)=O,active inhibtor,339.73500000000007,2.1143,4.0,6.0,-1.568201724066995
103,CHEMBL1940919,CCNC(=O)c1noc(-c2cc(Cl)c(O)cc2O)c1NC(=O)C(C)(C)C,active inhibtor,381.81600000000014,3.140500000000001,4.0,6.0,-1.9294189257142929
104,CHEMBL1940920,C=CC(=O)Nc1c(C(=O)NCC)noc1-c1cc(Cl)c(O)cc1O,active inhibtor,351.74600000000004,2.2804000000000006,4.0,6.0,-2.2227164711475833
105,CHEMBL1940921,CCNC(=O)c1noc(-c2cc(Cl)c(O)cc2O)c1NC(=O)C12CC3CC(CC(C3)C1)C2,active inhibtor,459.93000000000035,4.310800000000003,4.0,6.0,-2.3979400086720375
106,CHEMBL1940922,COc1ccc(C(=O)Nc2c(C(=O)NCC(F)(F)F)noc2-c2cc(Cl)c(O)cc2O)cc1,active inhibtor,485.80200000000013,3.959200000000002,4.0,7.0,-2.204119982655925
107,CHEMBL1940923,COc1ccc(C(=O)Nc2c(C(=O)N3CC(F)(F)C3)noc2-c2cc(Cl)c(O)cc2O)cc1,active inhibtor,479.8230000000002,3.758200000000002,3.0,7.0,-5.0
108,CHEMBL1940924,CCNC(=O)c1noc(-c2cc(Cl)c(O)cc2O)c1NC(=O)CCN1CCOCC1,active inhibtor,438.86800000000034,1.8167000000000002,4.0,8.0,-2.225309281725863
109,CHEMBL1940925,CCNC(=O)c1noc(-c2cc(C(C)C)c(O)cc2O)c1NC(C)=O,active inhibtor,347.3710000000001,2.5843000000000007,4.0,6.0,-1.7403626894942439
110,CHEMBL1940926,CCNC(=O)c1noc(-c2cc(C(C)C)c(O)cc2O)c1NC(=O)C(C)(C)C,active inhibtor,389.45200000000017,3.6105000000000027,4.0,6.0,-1.6127838567197355
111,CHEMBL1940927,CCNC(=O)c1noc(-c2cc(C(C)C)c(O)cc2O)c1NC(=O)C1CCCCC1,active inhibtor,415.4900000000003,4.144700000000004,4.0,6.0,-2.278753600952829
112,CHEMBL1940928,CCCCC[C@H]1CC[C@H](C(=O)Nc2c(C(=O)NCC)noc2-c2cc(C(C)C)c(O)cc2O)CC1,active inhibtor,485.6250000000003,5.951100000000007,4.0,6.0,-2.4149733479708178
113,CHEMBL1940929,CCNC(=O)c1noc(-c2cc(C(C)C)c(O)cc2O)c1NC(=O)C1CCC(C(F)(F)F)CC1,active inhibtor,483.48700000000025,4.933100000000004,4.0,6.0,-2.380211241711606
114,CHEMBL1940930,CCNC(=O)c1noc(-c2cc(C(C)C)c(O)cc2O)c1NC(=O)[C@H]1CC[C@@H](OC)CC1,active inhibtor,445.5160000000003,3.7696000000000023,4.0,7.0,-1.380211241711606
115,CHEMBL1940931,CCNC(=O)c1noc(-c2cc(C(C)C)c(O)cc2O)c1NC(=O)C1CCC(C(C)(C)C)CC1,active inhibtor,471.59800000000035,5.416900000000005,4.0,6.0,-1.4771212547196624
116,CHEMBL1940932,CCNC(=O)c1noc(-c2cc(C(C)C)c(O)cc2O)c1NC(=O)[C@H]1CC[C@H](N)CC1.Cl,active inhibtor,430.5050000000003,3.081900000000001,5.0,7.0,-1.4471580313422192
117,CHEMBL1940933,CCNC(=O)c1noc(-c2cc(C(C)C)c(O)cc2O)c1NC(=O)[C@H]1CC[C@H](CN)CC1.Cl,active inhibtor,444.5320000000003,3.3295000000000012,5.0,7.0,-1.6020599913279625
118,CHEMBL1940934,CCNC(=O)c1noc(-c2cc(C(C)C)c(O)cc2O)c1NC(=O)[C@H]1CC[C@H](CNS(=O)(=O)c2ccc(F)cc2)CC1,active inhibtor,602.6850000000002,4.488400000000004,5.0,8.0,-0.7323937598229685
119,CHEMBL1940935,CCNC(=O)c1noc(-c2cc(C(C)C)c(O)cc2O)c1NC(=O)[C@H]1CC[C@H](CNS(=O)(=O)c2ccccc2)CC1,active inhibtor,584.6950000000002,4.349300000000003,5.0,8.0,-0.6989700043360189
120,CHEMBL1940936,CCNC(=O)c1noc(-c2cc(C(C)C)c(O)cc2O)c1NC(=O)[C@H]1CC[C@H](OC(=O)CN)CC1.O=C(O)C(F)(F)F,active inhibtor,488.5410000000004,2.6251000000000007,5.0,9.0,-0.6989700043360189
121,CHEMBL1940937,CCNC(=O)c1noc(-c2cc(C(C)C)c(O)cc2O)c1NC(=O)[C@H]1CC[C@H](C(N)=O)CC1,active inhibtor,458.5150000000003,2.8561000000000005,5.0,7.0,-0.6989700043360189
122,CHEMBL1940938,CCNC(=O)c1noc(-c2cc(C(C)C)c(O)cc2O)c1NC(=O)[C@H]1CC[C@@H](C(N)=O)CC1,active inhibtor,458.5150000000003,2.8561000000000005,5.0,7.0,-0.6989700043360189
123,CHEMBL1940939,CCNC(=O)c1noc(-c2cc(C(C)C)c(O)cc2O)c1NC(=O)C1CCNCC1.O=C(O)C(F)(F)F,active inhibtor,416.47800000000024,2.564000000000001,5.0,7.0,-0.6989700043360189
124,CHEMBL1940940,CCNC(=O)c1noc(-c2cc(C(C)C)c(O)cc2O)c1NC(=O)C1CCN(C)CC1.O=C(O)C(F)(F)F,active inhibtor,430.5050000000003,2.906200000000002,4.0,7.0,-1.380211241711606
125,CHEMBL1938422,CCNC(=O)c1noc(-c2cc(C(C)C)c(O)cc2O)c1NC(=O)[C@H]1CC[C@H](CNC)CC1.O=C(O)C(F)(F)F,active inhibtor,458.5590000000003,3.590200000000002,5.0,7.0,-0.9344984512435677
126,CHEMBL1940941,CCNC(=O)c1noc(-c2cc(C(C)C)c(O)cc2O)c1NC(=O)[C@@H]1CC[C@H](C(=O)OC)C1,active inhibtor,459.4990000000003,3.1537000000000024,4.0,8.0,-0.6989700043360189
127,CHEMBL1940942,CCNC(=O)c1noc(-c2cc(C(C)C)c(O)cc2O)c1NC(=O)[C@@H]1CC[C@H](C(=O)O)C1,active inhibtor,445.47200000000026,3.0653000000000015,5.0,7.0,-1.591064607026499
128,CHEMBL1940943,CCNC(=O)c1noc(-c2cc(C(C)C)c(O)cc2O)c1NC(=O)C1CC(O)C1,active inhibtor,403.4350000000002,2.3353,5.0,7.0,-1.146128035678238
129,CHEMBL1940944,CCNC(=O)c1noc(-c2cc(C(C)C)c(O)cc2O)c1NC(=O)[C@@H]1CC[C@H](CO)C1,active inhibtor,431.48900000000026,2.9730000000000016,5.0,7.0,-1.100370545117563
130,CHEMBL1940945,CCNC(=O)c1noc(-c2cc(C(C)C)c(O)cc2O)c1NC(=O)[C@H]1CC[C@H](O)CC1,active inhibtor,431.48900000000026,3.1155000000000017,5.0,7.0,-0.6989700043360189
131,CHEMBL1940946,CCNC(=O)c1noc(-c2cc(C(C)C)c(O)cc2O)c1NC(=O)[C@H]1CC[C@@H](O)CC1,active inhibtor,431.48900000000026,3.1155000000000017,5.0,7.0,-0.6989700043360189
132,CHEMBL1940947,CCNC(=O)c1noc(-c2cc(C(C)C)c(O)cc2O)c1NC(=O)[C@H]1CC[C@@H](CO)CC1,active inhibtor,445.5160000000003,3.363100000000002,5.0,7.0,-1.1760912590556813
133,CHEMBL1940948,CCNC(=O)c1noc(-c2cc(C(C)C)c(O)cc2O)c1NC(=O)[C@H]1CC[C@H](CO)CC1,active inhibtor,445.5160000000003,3.363100000000002,5.0,7.0,-0.6989700043360189
134,CHEMBL1940949,CCNC(=O)c1noc(-c2cc(C(C)C)c(O)cc2O)c1NC(=O)[C@@H]1CC[C@H](CN2CCOCC2)C1,active inhibtor,500.59600000000046,3.3129000000000026,4.0,8.0,-1.0791812460476249
135,CHEMBL1941046,CCNC(=O)c1noc(-c2cc(C(C)C)c(O)cc2O)c1NC(=O)[C@H]1CC[C@H](N2CCOCC2)CC1.Cl,active inhibtor,500.59600000000046,3.4554000000000027,4.0,8.0,-0.6989700043360189
136,CHEMBL1941047,CCNC(=O)c1noc(-c2cc(C(C)C)c(O)cc2O)c1NC(=O)[C@H]1CC[C@@H](N2CCOCC2)CC1.Cl,active inhibtor,500.59600000000046,3.4554000000000027,4.0,8.0,-0.8692317197309762
137,CHEMBL1941048,CCNC(=O)c1noc(-c2cc(C(C)C)c(O)cc2O)c1NC(=O)[C@H]1CC[C@@H](CN2CCOCC2)CC1.Cl,active inhibtor,514.6230000000004,3.703000000000003,4.0,8.0,-1.2922560713564761
138,CHEMBL1941049,CCNC(=O)c1noc(-c2cc(C(C)C)c(O)cc2O)c1NC(=O)[C@H]1CC[C@H](CN2CCOCC2)CC1.Cl,active inhibtor,514.6230000000004,3.703000000000003,4.0,8.0,-0.9444826721501687
139,CHEMBL1941050,CCNC(=O)c1noc(-c2cc(C(C)C)c(O)cc2O)c1NC(=O)CCN1CCOCC1,active inhibtor,446.50400000000036,2.2867000000000006,4.0,8.0,-2.330413773349191
140,CHEMBL1941051,CCNC(=O)c1noc(-c2cc(C(C)C)c(O)cc2O)c1NC(=O)CCN1CCN(C)CC1,active inhibtor,459.54700000000037,2.2019,4.0,8.0,-2.0791812460476247
141,CHEMBL1941052,CCNC(=O)c1noc(-c2cc(C(C)C)c(O)cc2O)c1NC(=O)c1ccc(OC)cc1,active inhibtor,439.4680000000002,3.886800000000002,4.0,7.0,-1.414973347970818
142,CHEMBL1941053,CCNC(=O)c1noc(-c2cc(C(C)C)c(O)cc2O)c1NC(=O)c1ccc(OC)c(F)c1,active inhibtor,457.4580000000002,4.025900000000003,4.0,7.0,-1.5314789170422551
143,CHEMBL1941054,CCNC(=O)c1noc(-c2cc(C(C)C)c(O)cc2O)c1NC(=O)c1ccc(N(C)C)cc1,active inhibtor,452.5110000000002,3.944200000000003,4.0,7.0,-1.5314789170422551
144,CHEMBL1941055,CCNC(=O)c1noc(-c2cc(C(C)C)c(O)cc2O)c1NC(=O)c1ccc(CN2CCOCC2)cc1,active inhibtor,508.5750000000004,3.7104000000000026,4.0,8.0,-1.8512583487190752
145,CHEMBL1941056,CCNC(=O)c1noc(-c2cc(C(C)C)c(O)cc2O)c1NC(=O)c1ccc(N2CCN(C)CC2)cc1,active inhibtor,507.59100000000035,3.6300000000000026,4.0,8.0,-1.380211241711606
146,CHEMBL1941057,CCNC(=O)c1noc(-c2cc(C(C)C)c(O)cc2O)c1NC(=O)c1ccc(N2CCNCC2)cc1,active inhibtor,493.5640000000003,3.2878000000000016,5.0,8.0,-1.505149978319906
147,CHEMBL1941058,CCNC(=O)c1noc(-c2cc(C(C)C)c(O)cc2O)c1NC(=O)c1ccc(-n2cccc2)cc1,active inhibtor,474.51700000000017,4.668900000000003,4.0,7.0,-1.505149978319906
148,CHEMBL1941059,CCNC(=O)c1noc(-c2cc(C(C)C)c(O)cc2O)c1NC(=O)c1ccc(N2CCCC2)cc1,active inhibtor,478.5490000000003,4.478400000000003,4.0,7.0,-1.3424226808222062
149,CHEMBL1941060,CCNC(=O)c1cc(C(=O)Nc2c(C(=O)NCC)noc2-c2cc(C(C)C)c(O)cc2O)on1,active inhibtor,471.4700000000002,2.6159000000000012,5.0,9.0,-1.380211241711606
150,CHEMBL1941061,CCNC(=O)c1noc(-c2cc(C(C)C)c(O)cc2O)c1NC(=O)c1cc(CC)on1,active inhibtor,428.4450000000002,3.428600000000002,4.0,8.0,-1.3010299956639813
151,CHEMBL1941062,CCNC(=O)c1noc(-c2cc(C(C)C)c(O)cc2O)c1NC(=O)c1cc(C(C)=O)on1,active inhibtor,442.4280000000002,3.0688000000000013,4.0,9.0,-1.2787536009528289
152,CHEMBL1941063,CCNC(=O)c1noc(-c2cc(C(C)C)c(O)cc2O)c1NC(=O)c1sccc1C,active inhibtor,429.49800000000016,4.248120000000003,4.0,7.0,-1.9242792860618816
153,CHEMBL1941064,CCNC(=O)c1noc(-c2cc(C(C)C)c(O)cc2O)c1NC(=O)c1ccc(Br)o1,active inhibtor,478.29900000000015,4.2337000000000025,4.0,7.0,-1.3424226808222062
154,CHEMBL1941065,CCNC(=O)c1noc(-c2cc(C(C)C)c(O)cc2O)c1NC(=O)c1cc(-c2ccccc2)on1,active inhibtor,476.4890000000002,4.5332000000000034,4.0,8.0,-2.3979400086720375
155,CHEMBL1941066,CCNC(=O)c1noc(-c2cc(C(C)C)c(O)cc2O)c1NC(=O)c1sc(-c2ccncc2)nc1C,active inhibtor,507.57200000000023,4.705120000000004,4.0,9.0,-1.4313637641589874
156,CHEMBL1941067,CCNC(=O)c1noc(-c2cc(C(C)C)c(O)cc2O)c1NC(=O)c1nc(C)c(-c2ccc(F)cc2)s1,active inhibtor,524.5740000000002,5.449220000000006,4.0,8.0,-1.6020599913279625
157,CHEMBL1941068,CCNC(=O)c1noc(-c2cc(C(C)C)c(O)cc2O)c1NC(=O)c1sc(C)nc1C,active inhibtor,444.5130000000002,3.9515400000000023,4.0,8.0,-1.0
158,CHEMBL1941069,CCNC(=O)c1noc(-c2cc(C(C)C)c(O)cc2O)c1NC(=O)c1cccc2cccnc12,active inhibtor,460.4900000000002,4.426400000000003,4.0,7.0,-1.5563025007672873
159,CHEMBL1941070,CCNC(=O)c1noc(-c2cc(C(C)C)c(O)cc2O)c1NC(=O)c1oc2ccccc2c1C,active inhibtor,463.49000000000024,4.932820000000005,4.0,7.0,-2.4149733479708178
160,CHEMBL1941071,CCNC(=O)c1noc(-c2cc(C(C)C)c(O)cc2O)c1NC(=O)c1oc2ccc(OC)cc2c1C,active inhibtor,493.5160000000003,4.9414200000000035,4.0,8.0,-1.6812412373755872
161,CHEMBL1941072,CCNC(=O)c1noc(-c2cc(C(C)C)c(O)cc2O)c1NC(=O)c1cc2ccccc2n1C,active inhibtor,462.5060000000002,4.369900000000003,4.0,7.0,-1.792391689498254
162,CHEMBL1941073,CCNC(=O)c1noc(-c2cc(C(C)C)c(O)cc2O)c1NC(=O)c1ccc2cc[nH]c2c1,active inhibtor,448.47900000000016,4.359500000000002,5.0,6.0,-1.5185139398778875
163,CHEMBL1941074,CCNC(=O)c1noc(-c2cc(C(C)C)c(O)cc2O)c1NC(=O)c1ccc2ccn(C)c2c1,active inhibtor,462.5060000000002,4.369900000000003,4.0,7.0,-1.5314789170422551
164,CHEMBL1941075,CCNC(=O)c1noc(-c2cc(C(C)C)c(O)cc2O)c1NC(=O)c1ccc2ccsc2c1,active inhibtor,465.5310000000002,5.092900000000005,4.0,7.0,-1.3010299956639813
165,CHEMBL1941076,CCNC(=O)c1noc(-c2cc(C(C)C)c(O)cc2O)c1NC(=O)c1ccc2ncoc2c1,active inhibtor,450.4510000000002,4.019400000000003,4.0,8.0,-1.1760912590556813
166,CHEMBL1941077,CCNC(=O)c1noc(-c2cc(C(C)C)c(O)cc2O)c1NC(=O)c1ccco1,active inhibtor,399.40300000000013,3.4712000000000014,4.0,7.0,-0.6989700043360189
167,CHEMBL1941078,CCNC(=O)c1noc(-c2cc(C(C)C)c(O)cc2O)c1NC(=O)c1ccc(C)o1,inactive inhibtor,413.4300000000002,3.779620000000002,4.0,7.0,-0.6989700043360189
168,CHEMBL1941079,CCNC(=O)c1noc(-c2cc(C(C)C)c(O)cc2O)c1NC(=O)c1cc(CN2CCOCC2)on1,active inhibtor,499.5240000000004,2.6984000000000012,4.0,10.0,-1.6020599913279625
169,CHEMBL1941080,CCNC(=O)c1noc(-c2cc(Cl)c(O)cc2O)c1NCc1sccc1C,active inhibtor,407.87900000000013,4.137920000000002,4.0,7.0,-2.361727836017593
170,CHEMBL1941081,CCNC(=O)c1noc(-c2cc(Cl)c(O)cc2O)c1NCc1ccc(OC)cc1,inactive inhibtor,417.84900000000016,3.776600000000002,4.0,7.0,-2.6334684555795866
171,CHEMBL1941082,CCNC(=O)c1noc(-c2cc(Cl)c(O)cc2O)c1NC1CCCCC1,active inhibtor,379.8440000000002,3.900500000000002,4.0,6.0,-2.792391689498254
172,CHEMBL1941083,CCNC(=O)c1noc(-c2cc(Cl)c(O)cc2O)c1NC1CCN(C)CC1,active inhibtor,394.8590000000002,2.662000000000001,4.0,7.0,-3.204119982655925
173,CHEMBL2011843,Cc1cn(-c2ccc3c(N)ncnc3c2)c2c1C(=O)CC(C)(C)C2,active inhibtor,320.39600000000013,3.4662200000000025,1.0,5.0,-2.754348335711019
174,CHEMBL2011845,Cc1nc(N)c2ccc(-n3cc(C)c4c3CC(C)(C)CC4=O)cc2n1,inactive inhibtor,334.42300000000006,3.7746400000000024,1.0,5.0,-2.8639173769578603
175,CHEMBL2011846,Cc1cn(-c2ccc3c(N)nc(N)nc3c2)c2c1C(=O)CC(C)(C)C2,inactive inhibtor,335.4110000000001,3.048420000000001,2.0,6.0,-3.278296208091274
176,CHEMBL2010814,Cc1cn(-c2cc(F)c3c(N)ncnc3c2)c2c1C(=O)CC(C)(C)C2,inactive inhibtor,338.38600000000014,3.6053200000000025,1.0,5.0,-4.301029995663981
177,CHEMBL2011847,Cc1cn(-c2ccc3c(N)ncnc3c2F)c2c1C(=O)CC(C)(C)C2,active inhibtor,338.38600000000014,3.6053200000000016,1.0,5.0,-2.8228216453031045
178,CHEMBL2011848,CCCCOc1c(-n2cc(C)c3c2CC(C)(C)CC3=O)ccc2c(N)ncnc12,active inhibtor,392.5030000000001,4.645120000000003,1.0,6.0,-3.867408556522791
179,CHEMBL2011849,CCCCNc1c(-n2cc(C)c3c2CC(C)(C)CC3=O)ccc2c(N)ncnc12,active inhibtor,391.51900000000006,4.678220000000003,2.0,6.0,-3.889413764042709
180,CHEMBL2011850,CCCCSc1c(-n2cc(C)c3c2CC(C)(C)CC3=O)ccc2c(N)ncnc12,inactive inhibtor,408.57100000000014,5.358420000000005,1.0,6.0,-2.603144372620182
181,CHEMBL2011851,C=CCSc1c(-n2cc(C)c3c2CC(C)(C)CC3=O)ccc2c(N)ncnc12,inactive inhibtor,392.5280000000001,4.744320000000003,1.0,6.0,-3.562887381293879
182,CHEMBL2011852,Cc1cn(-c2ccc3c(N)ncnc3c2SCCN)c2c1C(=O)CC(C)(C)C2,active inhibtor,395.53200000000027,3.5170200000000023,2.0,7.0,-4.301029995663981
183,CHEMBL2011842,Cc1cc2c(n1-c1ccc3c(N)ncnc3c1)CC(C)(C)CC2=O,inactive inhibtor,320.39600000000013,3.4662200000000025,1.0,5.0,-3.9988693638823443
184,CHEMBL2011844,Cc1nn(-c2ccc3c(N)ncnc3c2)c2c1C(=O)CC(C)(C)C2,inactive inhibtor,321.3840000000001,2.861220000000001,1.0,6.0,-3.764400322956388
185,CHEMBL2011853,Cc1cn(-c2ccc3cnc(N)nc3c2)c2c1C(=O)CC(C)(C)C2,inactive inhibtor,320.3960000000001,3.4662200000000016,1.0,5.0,-2.848189116991399
186,CHEMBL2011854,Cc1cn(-c2ccc3c(C)nc(N)nc3c2)c2c1C(=O)CC(C)(C)C2,active inhibtor,334.4230000000001,3.7746400000000015,1.0,5.0,-0.6020599913279624
187,CHEMBL2011855,Cc1c2c(n(-c3ccc4c(N)ncnc4c3)c1C)CC(C)(C)CC2=O,active inhibtor,334.4230000000001,3.7746400000000024,1.0,5.0,-2.6972293427597176
188,CHEMBL2011856,CCc1nn(-c2ccc3c(N)ncnc3c2)c2c1C(=O)CC(C)(C)C2,active inhibtor,335.4110000000001,3.1152000000000015,1.0,6.0,-3.6541765418779604
189,CHEMBL2011857,CC1(C)CC(=O)c2c(C(F)(F)F)nn(-c3ccc4c(N)ncnc4c3)c2C1,active inhibtor,375.3540000000001,3.571600000000001,1.0,6.0,-4.229425847920695
190,CHEMBL2011858,Cc1nn(-c2ccc3c(N)ncnc3c2F)c2c1C(=O)CC(C)(C)C2,active inhibtor,339.37400000000014,3.000320000000001,1.0,6.0,-3.577836341292744
191,CHEMBL2011859,CCSc1cc(-n2cc(C)c3c2CC(C)(C)CC3=O)cc2nc(N)nc(N)c12,active inhibtor,395.53200000000015,4.160420000000001,2.0,7.0,-4.226342087163631
192,CHEMBL2011860,COc1cc(-n2cc(C)c3c2CC(C)(C)CC3=O)cc2ncnc(N)c12,active inhibtor,350.422,3.474820000000001,1.0,6.0,-4.301029995663981
193,CHEMBL2011854,Cc1cn(-c2ccc3c(C)nc(N)nc3c2)c2c1C(=O)CC(C)(C)C2,active inhibtor,334.4230000000001,3.7746400000000015,1.0,5.0,-0.6989700043360189
194,CHEMBL2011854,Cc1cn(-c2ccc3c(C)nc(N)nc3c2)c2c1C(=O)CC(C)(C)C2,active inhibtor,334.4230000000001,3.7746400000000015,1.0,5.0,-1.5563025007672873
195,CHEMBL2011854,Cc1cn(-c2ccc3c(C)nc(N)nc3c2)c2c1C(=O)CC(C)(C)C2,active inhibtor,334.4230000000001,3.7746400000000015,1.0,5.0,-1.041392685158225
196,CHEMBL2042890,CCCN(C)C(=O)c1cc2c(Cc3ccccc3)n[nH]c2cc1O,active inhibtor,323.396,3.3413000000000017,2.0,3.0,-3.278753600952829
197,CHEMBL2042889,NC(=O)c1cc2c(Cc3ccccc3)n[nH]c2cc1O,active inhibtor,267.288,1.9582000000000002,3.0,3.0,-4.785329835010767
198,CHEMBL2042888,Nc1nc(Cl)cc(Cc2ccc(Cl)cc2)n1,active inhibtor,254.12,2.9564000000000012,1.0,3.0,-4.3222192947339195
199,CHEMBL2042887,Cc1ccc(-c2nc(N)nc3ccc(Cl)cc23)cc1,active inhibtor,269.735,3.8408200000000017,1.0,3.0,-2.9542425094393248
200,CHEMBL2042886,N#CC(CC1CCCCC1)c1n[nH]c2cc(O)ccc12,inactive inhibtor,269.348,3.8460800000000024,2.0,3.0,-4.929418925714293
201,CHEMBL2042885,Oc1ccc(-c2n[nH]c3cc(O)ccc23)cc1,active inhibtor,226.23500000000004,2.6411,3.0,3.0,-4.653212513775344
202,CHEMBL2042884,Oc1ccc2c(C3CCCC3)n[nH]c2c1,active inhibtor,202.257,2.9261,2.0,2.0,-4.939519252618618
203,CHEMBL2042891,CCCCN(C)C(=O)c1cc2c(Cc3ccccc3)n[nH]c2cc1O,active inhibtor,337.423,3.731400000000003,2.0,3.0,-3.255272505103306
204,CHEMBL2042892,COCCN(C)C(=O)c1cc2c(Cc3ccccc3)n[nH]c2cc1O,active inhibtor,339.39500000000004,2.5777000000000005,2.0,4.0,-3.6020599913279625
205,CHEMBL2042893,CN(Cc1ccccc1)C(=O)c1cc2c(Cc3ccccc3)n[nH]c2cc1O,active inhibtor,371.44,4.1315000000000035,2.0,3.0,-2.8195439355418688
206,CHEMBL2042894,CN(C(=O)c1cc2c(Cc3ccccc3)n[nH]c2cc1O)c1ccco1,active inhibtor,347.37400000000014,3.728900000000002,2.0,4.0,-2.785329835010767
207,CHEMBL2042895,CN(Cc1ccccc1)C(=O)c1cc2c(CCc3ccccc3)n[nH]c2cc1O,active inhibtor,385.467,4.325900000000004,2.0,3.0,-2.361727836017593
208,CHEMBL2042896,CN(Cc1ccccc1F)C(=O)c1cc2c(Cc3ccccc3)n[nH]c2cc1O,active inhibtor,389.43,4.270600000000004,2.0,3.0,-2.9542425094393248
209,CHEMBL2042897,CN(Cc1ccccc1Cl)C(=O)c1cc2c(Cc3ccccc3)n[nH]c2cc1O,active inhibtor,405.885,4.784900000000004,2.0,3.0,-3.041392685158225
210,CHEMBL2042898,CN(Cc1ccccc1Br)C(=O)c1cc2c(Cc3ccccc3)n[nH]c2cc1O,active inhibtor,450.3360000000001,4.894000000000005,2.0,3.0,-2.785329835010767
211,CHEMBL2042899,Cc1ccccc1CN(C)C(=O)c1cc2c(Cc3ccccc3)n[nH]c2cc1O,active inhibtor,385.46700000000004,4.439920000000004,2.0,3.0,-2.8692317197309762
212,CHEMBL2042900,COc1ccccc1CN(C)C(=O)c1cc2c(Cc3ccccc3)n[nH]c2cc1O,active inhibtor,401.466,4.140100000000004,2.0,4.0,-3.230448921378274
213,CHEMBL2042901,CN(Cc1cccc(F)c1)C(=O)c1cc2c(Cc3ccccc3)n[nH]c2cc1O,active inhibtor,389.43,4.270600000000004,2.0,3.0,-2.7558748556724915
214,CHEMBL2042902,CN(Cc1cccc(Cl)c1)C(=O)c1cc2c(Cc3ccccc3)n[nH]c2cc1O,active inhibtor,405.88500000000005,4.784900000000004,2.0,3.0,-3.1760912590556813
215,CHEMBL2042903,CN(Cc1cccc(Br)c1)C(=O)c1cc2c(Cc3ccccc3)n[nH]c2cc1O,active inhibtor,450.3360000000001,4.894000000000005,2.0,3.0,-3.113943352306837
216,CHEMBL2042904,Cc1cccc(CN(C)C(=O)c2cc3c(Cc4ccccc4)n[nH]c3cc2O)c1,active inhibtor,385.46700000000004,4.439920000000004,2.0,3.0,-3.5563025007672873
217,CHEMBL2042905,COc1cccc(CN(C)C(=O)c2cc3c(Cc4ccccc4)n[nH]c3cc2O)c1,active inhibtor,401.466,4.140100000000004,2.0,4.0,-2.991226075692495
218,CHEMBL2042906,CN(Cc1cccc(C(F)(F)F)c1)C(=O)c1cc2c(Cc3ccccc3)n[nH]c2cc1O,active inhibtor,439.43700000000007,5.150300000000005,2.0,3.0,-3.531478917042255
219,CHEMBL2042856,CN(Cc1ccc(F)cc1)C(=O)c1cc2c(Cc3ccccc3)n[nH]c2cc1O,active inhibtor,389.43,4.270600000000004,2.0,3.0,-3.041392685158225
220,CHEMBL2042857,CN(Cc1ccc(Cl)cc1)C(=O)c1cc2c(Cc3ccccc3)n[nH]c2cc1O,active inhibtor,405.88500000000005,4.784900000000004,2.0,3.0,-2.5185139398778875
221,CHEMBL2042858,CN(Cc1ccc(Br)cc1)C(=O)c1cc2c(Cc3ccccc3)n[nH]c2cc1O,active inhibtor,450.3360000000001,4.894000000000005,2.0,3.0,-3.041392685158225
222,CHEMBL2042859,Cc1ccc(CN(C)C(=O)c2cc3c(Cc4ccccc4)n[nH]c3cc2O)cc1,active inhibtor,385.46700000000004,4.439920000000004,2.0,3.0,-2.7993405494535817
223,CHEMBL2042860,CCc1ccc(CN(C)C(=O)c2cc3c(Cc4ccccc4)n[nH]c3cc2O)cc1,inactive inhibtor,399.494,4.693900000000005,2.0,3.0,-2.591064607026499
224,CHEMBL2042861,CCOc1ccc(CN(C)C(=O)c2cc3c(Cc4ccccc4)n[nH]c3cc2O)cc1,inactive inhibtor,415.49300000000005,4.530200000000004,2.0,4.0,-2.8808135922807914
225,CHEMBL2042862,COc1cccc(CN(C)C(=O)c2cc3c(Cc4ccccc4)n[nH]c3cc2O)c1OC,inactive inhibtor,431.4920000000001,4.1487000000000025,2.0,5.0,-2.6720978579357175
226,CHEMBL2042863,COc1cc(CN(C)C(=O)c2cc3c(Cc4ccccc4)n[nH]c3cc2O)ccc1Cl,inactive inhibtor,435.91100000000006,4.793500000000004,2.0,4.0,-3.361727836017593
227,CHEMBL2042864,CN(Cc1ccc(Cl)c(F)c1)C(=O)c1cc2c(Cc3ccccc3)n[nH]c2cc1O,active inhibtor,423.8750000000001,4.924000000000005,2.0,3.0,-2.991226075692495
228,CHEMBL2040871,COc1cc2[nH]nc(Cc3cccc(C)c3)c2cc1C(=O)N(C)Cc1ccccc1,active inhibtor,399.4940000000002,4.742920000000004,1.0,3.0,-4.301029995663981
229,CHEMBL2042865,CN(Cc1ccccc1)C(=O)c1cc2c(Cc3ccccc3Cl)n[nH]c2cc1O,active inhibtor,405.885,4.784900000000004,2.0,3.0,-3.4149733479708178
230,CHEMBL2042866,Cc1ccccc1Cc1n[nH]c2cc(O)c(C(=O)N(C)Cc3ccccc3)cc12,active inhibtor,385.46700000000016,4.439920000000003,2.0,3.0,-3.380211241711606
231,CHEMBL2042867,CN(Cc1ccccc1)C(=O)c1cc2c(Cc3cccc(F)c3)n[nH]c2cc1O,active inhibtor,389.43,4.270600000000004,2.0,3.0,-3.113943352306837
232,CHEMBL2042868,CN(Cc1ccccc1)C(=O)c1cc2c(Cc3cccc(Cl)c3)n[nH]c2cc1O,active inhibtor,405.885,4.784900000000004,2.0,3.0,-2.6020599913279625
233,CHEMBL2042869,Cc1cccc(Cc2n[nH]c3cc(O)c(C(=O)NCc4ccccc4)cc23)c1,active inhibtor,371.4400000000001,4.0977200000000025,3.0,3.0,-3.1760912590556813
234,CHEMBL2042870,Cc1cccc(Cc2n[nH]c3cc(O)c(C(=O)N(C)Cc4ccccc4)cc23)c1,active inhibtor,385.4670000000001,4.439920000000003,2.0,3.0,-2.3979400086720375
235,CHEMBL2042871,CCN(Cc1ccccc1)C(=O)c1cc2c(Cc3cccc(C)c3)n[nH]c2cc1O,active inhibtor,399.494,4.830020000000005,2.0,3.0,-3.4771212547196626
236,CHEMBL2042872,COc1cccc(Cc2n[nH]c3cc(O)c(C(=O)N(C)Cc4ccccc4)cc23)c1,active inhibtor,401.4660000000001,4.140100000000003,2.0,4.0,-3.146128035678238
237,CHEMBL2042873,CCc1cccc(Cc2n[nH]c3cc(O)c(C(=O)N(C)Cc4ccccc4)cc23)c1,inactive inhibtor,399.49400000000014,4.693900000000004,2.0,3.0,-3.113943352306837
238,CHEMBL2042874,CN(Cc1ccccc1)C(=O)c1cc2c(Cc3ccc(Cl)cc3)n[nH]c2cc1O,inactive inhibtor,405.885,4.784900000000005,2.0,3.0,-3.7558748556724915
239,CHEMBL2042875,Cc1ccc(Cc2n[nH]c3cc(O)c(C(=O)N(C)Cc4ccccc4)cc23)cc1,active inhibtor,385.4670000000001,4.439920000000003,2.0,3.0,-3.113943352306837
240,CHEMBL2042876,CCc1ccc(Cc2n[nH]c3cc(O)c(C(=O)N(C)Cc4ccccc4)cc23)cc1,active inhibtor,399.4940000000001,4.693900000000004,2.0,3.0,-3.3979400086720375
241,CHEMBL2042877,CN(Cc1ccccc1Br)C(=O)c1cc2c(Cc3cccc(Cl)c3)n[nH]c2cc1O,active inhibtor,484.7810000000002,5.547400000000005,2.0,3.0,-2.7708520116421442
242,CHEMBL2042878,CN(Cc1cccc(F)c1)C(=O)c1cc2c(Cc3cccc(Cl)c3)n[nH]c2cc1O,active inhibtor,423.875,4.924000000000004,2.0,3.0,-2.8512583487190755
243,CHEMBL2042879,CN(Cc1ccc(F)cc1)C(=O)c1cc2c(Cc3cccc(Cl)c3)n[nH]c2cc1O,inactive inhibtor,423.875,4.924000000000004,2.0,3.0,-2.9030899869919438
244,CHEMBL2042880,COc1ccc(CN(C)C(=O)c2cc3c(Cc4cccc(Cl)c4)n[nH]c3cc2O)cc1,inactive inhibtor,435.91100000000006,4.793500000000005,2.0,4.0,-2.9030899869919438
245,CHEMBL2042881,COc1ccc(CN(C)C(=O)c2cc3c(Cc4cccc(Cl)c4)n[nH]c3cc2O)cc1OC,active inhibtor,465.9370000000001,4.802100000000006,2.0,5.0,-2.863322860120456
246,CHEMBL2042882,CN(Cc1cccc(NS(C)(=O)=O)c1)C(=O)c1cc2c(Cc3cccc(Cl)c3)n[nH]c2cc1O,inactive inhibtor,498.9920000000002,4.156400000000003,3.0,5.0,-2.6127838567197355
247,CHEMBL2042883,CN(Cc1ccc(CNS(C)(=O)=O)cc1)C(=O)c1cc2c(Cc3cccc(Cl)c3)n[nH]c2cc1O,inactive inhibtor,513.0190000000002,3.8341000000000025,3.0,5.0,-1.7781512503836436
248,CHEMBL2042760,Cc1cccc(Cc2n[nH]c3cc(O)c(C(=O)N(C)Cc4ccccc4Br)cc23)c1,inactive inhibtor,464.3630000000001,5.2024200000000045,2.0,3.0,-2.8920946026904804
249,CHEMBL2042761,Cc1cccc(Cc2n[nH]c3cc(O)c(C(=O)N(C)Cc4cccc(F)c4)cc23)c1,inactive inhibtor,403.4570000000001,4.579020000000003,2.0,3.0,-2.568201724066995
250,CHEMBL2042762,Cc1cccc(Cc2n[nH]c3cc(O)c(C(=O)N(C)Cc4ccc(F)cc4)cc23)c1,inactive inhibtor,403.4570000000001,4.579020000000003,2.0,3.0,-2.7634279935629373
251,CHEMBL2042763,COc1ccc(CN(C)C(=O)c2cc3c(Cc4cccc(C)c4)n[nH]c3cc2O)cc1,inactive inhibtor,415.4930000000001,4.448520000000005,2.0,4.0,-2.6627578316815743
252,CHEMBL2042764,Cc1cccc(Cc2n[nH]c3cc(O)c(C(=O)N(C)Cc4ccc(Cl)c(F)c4)cc23)c1,inactive inhibtor,437.9020000000001,5.232420000000005,2.0,3.0,-2.230448921378274
253,CHEMBL2042765,COc1cc(CN(C)C(=O)c2cc3c(Cc4cccc(C)c4)n[nH]c3cc2O)ccc1Cl,active inhibtor,449.9380000000001,5.101920000000005,2.0,4.0,-2.832508912706236
254,CHEMBL2040870,COc1ccc(CN(C)C(=O)c2cc3c(Cc4cccc(C)c4)n[nH]c3cc2O)cc1OC,inactive inhibtor,445.5190000000002,4.457120000000003,2.0,5.0,-2.7634279935629373
255,CHEMBL2042766,Cc1cccc(Cc2n[nH]c3cc(O)c(C(=O)N(C)Cc4ccc(F)c(F)c4)cc23)c1,inactive inhibtor,421.4470000000001,4.718120000000003,2.0,3.0,-2.6989700043360187
256,CHEMBL2042767,Cc1cccc(Cc2n[nH]c3cc(O)c(C(=O)N(C)Cc4cccc(NS(C)(=O)=O)c4)cc23)c1,inactive inhibtor,478.5740000000002,3.8114200000000027,3.0,5.0,-2.3010299956639813
257,CHEMBL2042768,Cc1cccc(Cc2n[nH]c3cc(O)c(C(=O)N(C)Cc4ccc(NS(C)(=O)=O)cc4)cc23)c1,inactive inhibtor,478.5740000000002,3.8114200000000027,3.0,5.0,-2.5440680443502757
258,CHEMBL2042769,Cc1cccc(Cc2n[nH]c3cc(O)c(C(=O)N(C)Cc4ccc(CNS(C)(=O)=O)cc4)cc23)c1,inactive inhibtor,492.6010000000002,3.4891200000000024,3.0,5.0,-2.1760912590556813
259,CHEMBL2042883,CN(Cc1ccc(CNS(C)(=O)=O)cc1)C(=O)c1cc2c(Cc3cccc(Cl)c3)n[nH]c2cc1O,inactive inhibtor,513.0190000000002,3.8341000000000025,3.0,5.0,-3.0
260,CHEMBL2042769,Cc1cccc(Cc2n[nH]c3cc(O)c(C(=O)N(C)Cc4ccc(CNS(C)(=O)=O)cc4)cc23)c1,inactive inhibtor,492.6010000000002,3.4891200000000024,3.0,5.0,-3.041392685158225
261,CHEMBL278315,COC1=C2C[C@@H](C)C[C@H](OC)[C@H](O)[C@@H](C)/C=C(\C)[C@H](OC(N)=O)[C@@H](OC)/C=C\C=C(/C)C(=O)NC(=CC1=O)C2=O,inactive inhibtor,560.6440000000002,2.4084000000000003,3.0,9.0,-2.5415792439465807
262,CHEMBL2333365,Cc1c(C(=O)N2CCOc3ccc(-c4ccc(N)nc4)cc3C2)ccc(S(C)(=O)=O)c1F,inactive inhibtor,455.5110000000002,3.2166200000000025,1.0,6.0,-3.5440680443502757
263,CHEMBL2413570,O=C1c2ccccc2C(=O)N1CCCn1cc(COCc2cn(CCCN3C(=O)c4ccccc4C3=O)nn2)nn1,inactive inhibtor,554.5670000000001,1.9589999999999999,0.0,11.0,-3.845098040014257
264,CHEMBL2413569,O=C1c2ccccc2C(=O)c2cc(Cn3cc(COCc4cn(Cc5ccc6c(c5)C(=O)c5ccccc5C6=O)nn4)nn3)ccc21,inactive inhibtor,620.625,4.233800000000003,0.0,11.0,-3.845098040014257
265,CHEMBL2413568,O=C(c1ccccc1)c1ccc(Cn2cc(COCc3cn(Cc4ccc(C(=O)c5ccccc5)cc4)nn3)nn2)cc1,inactive inhibtor,568.6370000000001,5.145000000000005,0.0,9.0,-3.845098040014257
266,CHEMBL2413587,c1ccc2cc(Cn3cc(CCCCc4cn(Cc5ccc6ccccc6c5)nn4)nn3)ccc2c1,active inhibtor,472.59600000000006,5.838000000000005,0.0,6.0,-4.7160033436347994
267,CHEMBL2413565,c1ccc2cc(Cn3cc(CN(Cc4cn(Cc5ccc6ccccc6c5)nn4)Cc4cn(Cc5ccc6ccccc6c5)nn4)nn3)ccc2c1,inactive inhibtor,680.82,7.268000000000008,0.0,10.0,-4.204119982655925
268,CHEMBL14830,Nc1ncnc2c1ncn2[C@@H]1O[C@H](COP(=O)(O)OP(=O)(O)O)[C@@H](O)[C@H]1O,inactive inhibtor,427.20300000000003,-1.7460000000000009,6.0,12.0,-4.62489030097981
269,CHEMBL14249,Nc1ncnc2c1ncn2[C@@H]1O[C@H](COP(=O)(O)OP(=O)(O)OP(=O)(O)O)[C@@H](O)[C@H]1O,inactive inhibtor,507.1820000000001,-1.629000000000001,7.0,14.0,-5.951180580915997
270,CHEMBL2103879,CC(C)c1cc(-c2n[nH]c(=O)n2-c2ccc3c(ccn3C)c2)c(O)cc1O,active inhibtor,364.4050000000001,3.253900000000002,3.0,6.0,-0.6989700043360189
271,CHEMBL252164,CCNC(=O)c1noc(-c2cc(C(C)C)c(O)cc2O)c1-c1ccc(CN2CCOCC2)cc1,active inhibtor,465.55000000000035,4.125100000000003,3.0,7.0,-1.2041199826559248
272,CHEMBL560895,CC1(C)CC(=O)c2c(C(F)(F)F)nn(-c3ccc(C(N)=O)c(N[C@H]4CC[C@H](O)CC4)c3)c2C1,active inhibtor,464.4880000000003,3.860500000000002,3.0,6.0,-1.3979400086720377
273,CHEMBL2419346,CN(C)c1cc2c(cc1Sc1nc3c(N)nccc3n1CCNCC(C)(C)C)OCO2,active inhibtor,442.5890000000003,3.595100000000002,2.0,9.0,-1.5797835966168101
274,CHEMBL200102,CC(C)NCCCn1c(Sc2cc3c(cc2I)OCO3)nc2c(N)ncnc21,active inhibtor,512.3770000000002,3.2811000000000003,2.0,9.0,-1.6232492903979006
275,CHEMBL467399,COc1c(C)cnc(Cn2cnc3c(Cl)nc(N)nc32)c1C,active inhibtor,318.7680000000001,2.1306399999999996,1.0,7.0,-1.2304489213782739
276,CHEMBL109480,C=CCNC1=C2C[C@@H](C)C[C@H](OC)[C@H](O)[C@@H](C)/C=C(\C)[C@H](OC(N)=O)[C@@H](OC)/C=C\C=C(/C)C(=O)NC(=CC1=O)C2=O,active inhibtor,585.6980000000002,2.537600000000001,4.0,9.0,-1.6532125137753437
277,CHEMBL278315,COC1=C2C[C@@H](C)C[C@H](OC)[C@H](O)[C@@H](C)/C=C(\C)[C@H](OC(N)=O)[C@@H](OC)/C=C\C=C(/C)C(=O)NC(=CC1=O)C2=O,active inhibtor,560.6440000000002,2.4084000000000003,3.0,9.0,-1.3424226808222062
278,CHEMBL414883,C[C@@H]1C[C@H]2O[C@@H]2/C=C\C=C\C(=O)Cc2c(Cl)c(O)cc(O)c2C(=O)O1,active inhibtor,364.78100000000006,2.6916000000000015,2.0,6.0,-1.2787536009528289
279,CHEMBL3126058,CCc1ccc(OCCOCC(O)CN2CCN(c3ccccc3C(C)(C)C)CC2)cc1,active inhibtor,440.6280000000002,4.1250000000000036,1.0,5.0,-2.963787827345555
280,CHEMBL3126057,COc1ccccc1OCCOCC(O)CN1CCN(c2ccccc2C(C)(C)C)CC1,active inhibtor,442.6000000000002,3.571200000000002,1.0,6.0,-3.0827853703164503
281,CHEMBL3126056,CC(C)(C)c1ccccc1N1CCN(CC(O)COCCOc2ccc(Br)c(Cl)c2)CC1,active inhibtor,525.9150000000001,4.978500000000005,1.0,5.0,-3.9903388547876015
282,CHEMBL3126055,CC(C)(C)c1ccccc1N1CCN(CC(O)COCCOc2ccc(F)cc2F)CC1,active inhibtor,448.5540000000002,3.8408000000000033,1.0,5.0,-4.326949994165998
283,CHEMBL3126085,CC(C)(C)c1ccccc1N1CCN(CC(O)COCCOc2cccc([N+](=O)[O-])c2)CC1,inactive inhibtor,457.57100000000025,3.4708000000000023,1.0,7.0,-4.071513805095089
284,CHEMBL3126084,CC(C)(C)c1ccccc1N1CCN(CC(O)COCCOc2ccc(OC(F)(F)F)cc2)CC1,inactive inhibtor,496.5700000000002,4.461200000000004,1.0,6.0,-3.9390197764486663
285,CHEMBL3126083,CC(C)(C)c1ccccc1N1CCN(CC(O)COCCOc2ccc(F)cc2)CC1,active inhibtor,430.5640000000002,3.7017000000000033,1.0,5.0,-3.807535028068853
286,CHEMBL3126082,CCCc1ccc(OCCOCC(O)CN2CCN(c3ccccc3C(C)(C)C)CC2)cc1,active inhibtor,454.6550000000002,4.515100000000004,1.0,5.0,-2.9777236052888476
287,CHEMBL3126081,COc1ccc(OCCOCC(O)CN2CCN(c3ccccc3C(C)(C)C)CC2)cc1,active inhibtor,442.6000000000002,3.571200000000003,1.0,6.0,-2.806179973983887
288,CHEMBL3126080,COc1cccc(OCCOCC(O)CN2CCN(c3ccccc3C(C)(C)C)CC2)c1,active inhibtor,442.6000000000002,3.571200000000002,1.0,6.0,-3.307496037913213
289,CHEMBL3126079,Cc1ccc(OCCOCC(O)CN2CCN(c3ccccc3C(C)(C)C)CC2)cc1,active inhibtor,426.6010000000002,3.8710200000000032,1.0,5.0,-2.9395192526186187
290,CHEMBL3126078,CC(C)(C)c1ccccc1N1CCN(CC(O)COCCOc2ccccc2Br)CC1,active inhibtor,491.4700000000002,4.325100000000004,1.0,5.0,-3.3521825181113627
291,CHEMBL3126077,CC(C)(C)c1ccccc1N1CCN(CC(O)COCCOc2cccc(Cl)c2)CC1,active inhibtor,447.01900000000023,4.216000000000004,1.0,5.0,-3.155336037465062
292,CHEMBL3126076,CC(C)(C)c1ccccc1N1CCN(CC(O)COCCOc2ccc(Cl)cc2)CC1,active inhibtor,447.01900000000023,4.216000000000004,1.0,5.0,-2.8750612633917
293,CHEMBL3126075,CC(C)(C)c1ccccc1N1CCN(CCCOCCOc2ccc(Br)cc2)CC1,active inhibtor,475.4710000000002,5.354300000000006,0.0,4.0,-5.0
294,CHEMBL3126074,COC(COCCOc1ccc(Br)cc1)CN1CCN(c2ccccc2C(C)(C)C)CC1,active inhibtor,505.4970000000004,4.979200000000005,0.0,5.0,-4.847757688392331
295,CHEMBL383824,CO[C@H]1/C=C\C=C(/C)C(=O)NC2=CC(=O)C(NCCN(C)C)=C(C[C@@H](C)C[C@H](OC)[C@H](O)[C@@H](C)/C=C(\C)[C@@H]1OC(N)=O)C2=O,active inhibtor,616.7560000000003,1.9132000000000022,4.0,10.0,-2.9684829485539352
296,CHEMBL3126073,CN(C(=O)C(C)(C)C)c1ccccc1N1CCN(CC(O)COCCOc2ccc(Br)cc2)CC1,active inhibtor,548.5220000000002,4.036500000000003,1.0,6.0,-4.18440748541232
297,CHEMBL3126072,CN(C)c1ccccc1N1CCN(CC(O)COCCOc2ccc(Br)cc2)CC1,active inhibtor,478.43100000000015,3.0936000000000012,1.0,6.0,-3.800717078282385
298,CHEMBL3126071,Nc1ccccc1N1CCN(CC(O)COCCOc2ccc(Br)cc2)CC1,active inhibtor,450.3770000000001,2.6098,2.0,6.0,-4.35430056234536
299,CHEMBL3126070,Oc1ccccc1N1CCN(CC(O)COCCOc2ccc(Br)cc2)CC1,active inhibtor,451.3610000000001,2.733200000000001,2.0,6.0,-4.562173863364649
300,CHEMBL3126069,N#Cc1ccccc1N1CCN(CC(O)COCCOc2ccc(Br)cc2)CC1,active inhibtor,460.3720000000001,2.899280000000001,1.0,6.0,-4.411114418550905
301,CHEMBL3126068,O=[N+]([O-])c1ccccc1N1CCN(CC(O)COCCOc2ccc(Br)cc2)CC1,active inhibtor,480.35900000000015,2.9358000000000013,1.0,7.0,-4.483016420144132
302,CHEMBL3126067,OC(COCCOc1ccc(Br)cc1)CN1CCN(c2ccccc2OCc2ccccc2)CC1,inactive inhibtor,541.4860000000002,4.606600000000004,1.0,6.0,-3.5646660642520893
303,CHEMBL3126066,CS(=O)(=O)Nc1ccccc1N1CCN(CC(O)COCCOc2ccc(Br)cc2)CC1,inactive inhibtor,528.4690000000002,2.3991000000000007,2.0,7.0,-4.141136090120739
304,CHEMBL3126065,CC(=O)Nc1ccccc1N1CCN(CC(O)COCCOc2ccc(Br)cc2)CC1,inactive inhibtor,492.4140000000002,2.9860000000000015,2.0,6.0,-4.058805486675907
305,CHEMBL3126064,OC(COCCOc1ccc(Br)cc1)CN1CCN(c2ccccc2N2CCCCC2)CC1,inactive inhibtor,518.4960000000004,4.017900000000004,1.0,6.0,-3.640481436970422
306,CHEMBL3126063,OC(COCCOc1ccc(Br)cc1)CN1CCN(c2ccccc2N2CCCC2)CC1,inactive inhibtor,504.4690000000005,3.6278000000000024,1.0,6.0,-3.734799829588847
307,CHEMBL3126062,CC(C)(C)c1ccccc1N1CCN(CC(O)COCCOc2ccc(Br)cc2)CC1,inactive inhibtor,491.4700000000002,4.325100000000004,1.0,5.0,-2.9867717342662448
308,CHEMBL3126061,CC(C)c1ccccc1N1CCN(CC(O)COCCOc2ccc(Br)cc2)CC1,inactive inhibtor,477.44300000000015,4.151000000000003,1.0,5.0,-3.012837224705172
309,CHEMBL3126060,CCc1ccccc1N1CCN(CC(O)COCCOc2ccc(Br)cc2)CC1,inactive inhibtor,463.4160000000001,3.5900000000000025,1.0,5.0,-3.385606273598312
310,CHEMBL3126059,Cc1ccccc1N1CCN(CC(O)COCCOc2ccc(Br)cc2)CC1,inactive inhibtor,449.3890000000001,3.336020000000002,1.0,5.0,-3.709269960975831
311,CHEMBL1622311,COc1ccccc1N1CCN(CC(O)COCCOc2ccc(Br)cc2)CC1,inactive inhibtor,465.38800000000015,3.036200000000001,1.0,6.0,-3.725094521081469
312,CHEMBL3128291,C=C(C)C(=O)Nc1ccnc(Sc2c(C)nc(N3CCN(C)CC3)nc2C)n1,inactive inhibtor,399.5240000000002,2.3010400000000004,1.0,8.0,-5.698970004336019
313,CHEMBL3128288,C=CC(=O)Nc1cc(N)nc(Sc2c(OC)nc(N3CCN(C)CC3)nc2OCCOCCOCCOCCO)n1,active inhibtor,594.6950000000004,0.30580000000000257,3.0,15.0,-5.698970004336019
314,CHEMBL3128287,C=CC(=O)Nc1cc(N)nc(Sc2c(OC)nc(N3CCN(CCOCCOCCOCCO)CC3)nc2OC)n1,inactive inhibtor,594.6950000000004,0.3058000000000025,3.0,15.0,-5.698970004336019
315,CHEMBL3128285,C=CC(=O)Nc1ccnc(Sc2c(C)nc(N3CCN(C)CC3)nc2C)n1,inactive inhibtor,385.49700000000024,1.9109399999999999,1.0,8.0,-5.698970004336019
316,CHEMBL3128284,C=CC(=O)Nc1cccc(Sc2c(OC)nc(N3CCOCC3)nc2OC)c1,inactive inhibtor,402.4760000000002,2.6061000000000005,1.0,8.0,-5.698970004336019
317,CHEMBL3128282,C=CC(=O)Nc1cc(N)nc(Sc2c(OC)nc(N)nc2OC)n1,inactive inhibtor,349.3760000000001,0.7238999999999998,3.0,10.0,-5.698970004336019
318,CHEMBL3128279,C=CC(=O)Nc1ccnc(Sc2c(OC)nc(N3CCCC3)nc2OC)n1,active inhibtor,388.4530000000002,2.1597,1.0,9.0,-5.698970004336019
319,CHEMBL3128276,C=CC(=O)Nc1ccnc(Sc2c(OC)nc(N3CCN(C)CC3)nc2OC)n1,active inhibtor,417.49500000000023,1.3112999999999992,1.0,10.0,-5.698970004336019
320,CHEMBL3128275,C=CC(=O)Nc1cc(N)nc(Sc2c(OCC)nc(N3CCCCC3)nc2OCC)n1,inactive inhibtor,445.5490000000003,2.9122000000000012,2.0,10.0,-5.698970004336019
321,CHEMBL3128273,C=CC(=O)Nc1cc(N)nc(Sc2c(OCC)nc(N3CCN(C)CC3)nc2OCC)n1,inactive inhibtor,460.5640000000003,1.6736999999999995,2.0,11.0,-5.698970004336019
322,CHEMBL3128272,C=CC(=O)Nc1cc(N)nc(Sc2c(OC)nc(N3CCCCC3)nc2OC)n1,inactive inhibtor,417.4950000000003,2.1319999999999997,2.0,10.0,-5.3979400086720375
323,CHEMBL3128270,C=CC(=O)Nc1cc(N)nc(Sc2c(OC)nc(N3CCN(C)CC3)nc2OC)n1,active inhibtor,432.5100000000003,0.8934999999999997,2.0,11.0,-5.698970004336019
324,CHEMBL112953,C#CCCCn1c(Cc2cc(OC)c(OC)c(OC)c2Cl)nc2c(N)nc(F)nc21,active inhibtor,433.8710000000001,3.2310000000000008,1.0,8.0,-2.8195439355418688
325,CHEMBL164,O=c1c(O)c(-c2cc(O)c(O)c(O)c2)oc2cc(O)cc(O)c12,active inhibtor,318.237,1.6935999999999998,6.0,8.0,-4.1303337684950066
326,CHEMBL3234416,COCC(=O)Nc1c(C(=O)OC)n(CCC(C)C)c2ncc(NC(C)CCC=C(C)C)cc12,inactive inhibtor,458.60300000000024,5.000700000000005,2.0,7.0,-5.077367905284157
327,CHEMBL109480,C=CCNC1=C2C[C@@H](C)C[C@H](OC)[C@H](O)[C@@H](C)/C=C(\C)[C@H](OC(N)=O)[C@@H](OC)/C=C\C=C(/C)C(=O)NC(=CC1=O)C2=O,inactive inhibtor,585.6980000000002,2.537600000000001,4.0,9.0,-4.423245873936808
328,CHEMBL3235333,CN1CCc2c3c(n(-c4cc(F)c(C(N)=O)c(N[C@H]5CCOC5)c4)c2C1)CC(C)(C)CC3=O,inactive inhibtor,454.5460000000004,3.059100000000001,2.0,6.0,-2.0791812460476247
329,CHEMBL3235334,CN1CCc2c3c(n(-c4ccc(C(N)=O)c(N[C@H]5CCOC5)c4)c2C1)CC(C)(C)CC3=O,inactive inhibtor,436.5560000000004,2.920000000000001,2.0,6.0,-2.0791812460476247
330,CHEMBL3235335,CN1CCc2c3c(n(-c4ccc(C(N)=O)c(NC5CCCC5)c4)c2C1)CC(C)(C)CC3=O,inactive inhibtor,434.5840000000004,4.073700000000003,2.0,5.0,-2.041392685158225
331,CHEMBL3235336,CN1CCc2c3c(n(-c4ccc(C(N)=O)c(NCC5CC5)c4)c2C1)CC(C)(C)CC3=O,active inhibtor,420.55700000000036,3.541100000000003,2.0,5.0,-2.278753600952829
332,CHEMBL3235337,COCCNc1cc(-n2c3c(c4c2CC(C)(C)CC4=O)CCN(C)C3)ccc1C(N)=O,active inhibtor,424.5450000000002,2.7775,2.0,6.0,-2.8573324964312685
333,CHEMBL3235338,CN1CCc2c3c(n(-c4ccc(C(N)=O)c(NC5CCSCC5)c4)c2C1)CC(C)(C)CC3=O,inactive inhibtor,466.6510000000004,4.0267000000000035,2.0,6.0,-1.9542425094393248
334,CHEMBL3235339,CCCNc1cc(-n2c3c(c4c2CC(C)(C)CC4=O)CCN(C)C3)ccc1C(N)=O,inactive inhibtor,408.54600000000016,3.541100000000002,2.0,5.0,-2.278753600952829
335,CHEMBL3235340,CN1CCc2c3c(n(-c4ccc(C(N)=O)c(NC5CC5)c4)c2C1)CC(C)(C)CC3=O,inactive inhibtor,406.5300000000003,3.2935000000000025,2.0,5.0,-2.6232492903979003
336,CHEMBL3235341,CN1CCc2c3c(n(-c4ccc(C(N)=O)c(NCC(F)F)c4)c2C1)CC(C)(C)CC3=O,inactive inhibtor,430.49900000000025,3.396200000000002,2.0,5.0,-2.342422680822206
337,CHEMBL3235342,CN1CCc2c3c(n(-c4ccc(C(N)=O)c(NCC5(C)COC5)c4)c2C1)CC(C)(C)CC3=O,inactive inhibtor,450.58300000000037,3.167600000000001,2.0,6.0,-2.6532125137753435
338,CHEMBL3235343,CC(C)Nc1cc(-n2c3c(c4c2CC(C)(C)CC4=O)CCN(C)C3)ccc1C(N)=O,inactive inhibtor,408.54600000000016,3.539500000000002,2.0,5.0,-2.146128035678238
339,CHEMBL3235344,CN1CCc2c3c(n(-c4ccc(C(N)=O)c(NCC(C)(C)C)c4)c2C1)CC(C)(C)CC3=O,inactive inhibtor,436.6000000000003,4.177200000000004,2.0,5.0,-2.9684829485539352
340,CHEMBL3235345,CC(C)Nc1cc(-n2c3c(c4c2CC(C)(C)CC4=O)CCN(C)C3)cc2c1C(=O)NCC2,inactive inhibtor,434.58400000000023,3.7265000000000024,2.0,5.0,-1.863322860120456
341,CHEMBL3235346,CN1CCc2c3c(n(-c4ccc5c(c4)CNC5=O)c2C1)CC(C)(C)CC3=O,inactive inhibtor,363.46100000000024,2.8637000000000015,1.0,4.0,-4.0
342,CHEMBL3235347,CN1CCc2c3c(n(-c4ccc5c(c4)CCNC5=O)c2C1)CC(C)(C)CC3=O,inactive inhibtor,377.4880000000002,2.906200000000001,1.0,4.0,-3.929418925714293
343,CHEMBL3235348,CN1CCc2c3c(n(-c4ccc5c(c4)CCCNC5=O)c2C1)CC(C)(C)CC3=O,inactive inhibtor,391.51500000000027,3.2963000000000022,1.0,4.0,-4.0
344,CHEMBL3235349,CN1CCc2c3c(n(-c4ccc(C(N)=O)c(CCC5CC5)c4)c2C1)CC(C)(C)CC3=O,inactive inhibtor,419.5690000000003,4.061800000000003,1.0,4.0,-3.5563025007672873
345,CHEMBL3235350,CC(C)Cc1cc(-n2c3c(c4c2CC(C)(C)CC4=O)CCN(C)C3)cc2c1C(=O)NCC2,inactive inhibtor,433.59600000000023,4.104700000000003,1.0,4.0,-2.155336037465062
346,CHEMBL3235351,CC1(C)CC(=O)c2c3c(n(-c4ccc(C(N)=O)c(N[C@H]5CCOC5)c4)c2C1)CCCC3,inactive inhibtor,421.5410000000004,3.810900000000003,2.0,5.0,-2.724275869600789
347,CHEMBL3235352,Cc1cn(-c2cc3c(c(CC(C)C)c2)C(=O)NCC3)c2c1C(=O)CC(C)(C)C2,inactive inhibtor,378.51600000000025,4.425220000000004,1.0,3.0,-2.346352974450639
348,CHEMBL3235353,Cc1cn(-c2cc3c(c(C4CCCC4)c2)C(=O)NCC3)c2c1C(=O)CC(C)(C)C2,inactive inhibtor,390.5270000000002,4.884320000000004,1.0,3.0,-1.380211241711606
349,CHEMBL3235354,Cc1cn(-c2cc3c(c(C4CCCCC4)c2)C(=O)NCC3)c2c1C(=O)CC(C)(C)C2,inactive inhibtor,404.55400000000026,5.2744200000000045,1.0,3.0,-1.5563025007672873
350,CHEMBL3235355,Cc1cn(-c2cc3c(c(C4CCOCC4)c2)C(=O)NCC3)c2c1C(=O)CC(C)(C)C2,inactive inhibtor,406.52600000000024,4.120720000000003,1.0,4.0,-1.2787536009528289
351,CHEMBL3235356,Cc1cn(-c2cc3c(c(C4CCC4)c2)C(=O)NCC3)c2c1C(=O)CC(C)(C)C2,inactive inhibtor,376.50000000000017,4.494220000000004,1.0,3.0,-2.290034611362518
352,CHEMBL3235357,CCCCc1cc(-n2cc(C)c3c2CC(C)(C)CC3=O)cc2c1C(=O)NCC2,inactive inhibtor,378.51600000000013,4.569320000000004,1.0,3.0,-3.0
353,CHEMBL3235358,Cc1cn(-c2cc3c(c(C(C)(C)C)c2)C(=O)NCC3)c2c1C(=O)CC(C)(C)C2,inactive inhibtor,378.51600000000025,4.524220000000003,1.0,3.0,-3.230448921378274
354,CHEMBL3235359,Cc1cn(-c2cc3c(c(Cc4ccccc4)c2)C(=O)NCC3)c2c1C(=O)CC(C)(C)C2,inactive inhibtor,412.5330000000003,4.817520000000004,1.0,3.0,-2.681241237375587
355,CHEMBL3235360,Cc1cn(-c2cc3c(c(-c4ccccc4)c2)C(=O)NCC3)c2c1C(=O)CC(C)(C)C2,inactive inhibtor,398.50600000000037,4.893720000000004,1.0,3.0,-2.361727836017593
356,CHEMBL3235361,Cc1cn(-c2cc3c(c(-c4ccc(F)cc4)c2)C(=O)NCC3)c2c1C(=O)CC(C)(C)C2,inactive inhibtor,416.4960000000003,5.032820000000004,1.0,3.0,-1.9030899869919435
357,CHEMBL3235362,Cc1cn(-c2cc3c(c(-c4cccc(F)c4)c2)C(=O)NCC3)c2c1C(=O)CC(C)(C)C2,active inhibtor,416.4960000000003,5.032820000000004,1.0,3.0,-1.9084850188786497
358,CHEMBL3235363,COc1ccc(-c2cc(-n3cc(C)c4c3CC(C)(C)CC4=O)cc3c2C(=O)NCC3)cc1,inactive inhibtor,428.5320000000002,4.902320000000003,1.0,4.0,-2.4471580313422194
359,CHEMBL3104858,Cc1cn(-c2cc(F)c(C(N)=O)c(N[C@H]3CCOC3)c2)c2c1C(=O)CC(C)(C)C2,inactive inhibtor,399.46600000000024,3.379620000000002,2.0,5.0,-1.4771212547196624
360,CHEMBL3235350,CC(C)Cc1cc(-n2c3c(c4c2CC(C)(C)CC4=O)CCN(C)C3)cc2c1C(=O)NCC2,inactive inhibtor,433.59600000000023,4.104700000000003,1.0,4.0,-1.4313637641589874
361,CHEMBL3235353,Cc1cn(-c2cc3c(c(C4CCCC4)c2)C(=O)NCC3)c2c1C(=O)CC(C)(C)C2,inactive inhibtor,390.5270000000002,4.884320000000004,1.0,3.0,-0.7781512503836436
362,CHEMBL252164,CCNC(=O)c1noc(-c2cc(C(C)C)c(O)cc2O)c1-c1ccc(CN2CCOCC2)cc1,inactive inhibtor,465.55000000000035,4.125100000000003,3.0,7.0,-0.8450980400142568
363,CHEMBL3235842,COc1cc(OC)c(OC)cc1CN1CCc2nc(N3CCOCC3)ncc2C1,inactive inhibtor,400.47900000000027,1.8972999999999995,0.0,8.0,-4.706717782336758
364,CHEMBL3235843,c1cc2c(cc1CN1CCc3nc(Nc4ccc5c(c4)OCCO5)ncc3C1)OCCO2,inactive inhibtor,432.48000000000036,3.320900000000001,1.0,8.0,-5.0
365,CHEMBL3235844,Fc1ccc(CN2CCc3nc(N4CCN(c5ncccn5)CC4)ncc3C2)cc1,inactive inhibtor,405.48100000000017,2.2906000000000004,0.0,7.0,-4.604657972047871
366,CHEMBL3235845,Clc1ccc(CN2CCc3nc(N4CCN(c5ncccn5)CC4)ncc3C2)cc1,inactive inhibtor,421.93600000000015,2.804900000000001,0.0,7.0,-4.680154141734373
367,CHEMBL1706253,CN1CCN(c2ncc3c(n2)CCN(Cc2ccc(Br)s2)C3)CC1,inactive inhibtor,408.3690000000001,2.6107000000000005,0.0,6.0,-4.800717078282385
368,CHEMBL3235846,COc1cc(CN2CCc3nc(N4CCOCC4)ncc3C2)cc(OC)c1OC,active inhibtor,400.47900000000016,1.8972999999999995,0.0,8.0,-4.741309208899569
369,CHEMBL3235847,CN(C)c1ccc(CN2CCc3nc(N4CCN(c5ncccn5)CC4)ncc3C2)cc1,inactive inhibtor,430.5600000000002,2.2174999999999994,0.0,8.0,-4.663983454608267
370,CHEMBL1882758,CCN1CCN(c2ncc3c(n2)CCN(Cc2ccc(Br)s2)C3)CC1,inactive inhibtor,422.39600000000013,3.000800000000001,0.0,6.0,-4.873204309277041
371,CHEMBL3235848,CCCN1CCN(c2ncc3c(n2)CCN(Cc2cc(Br)cs2)C3)CC1,inactive inhibtor,436.4230000000001,3.390900000000002,0.0,6.0,-4.772908194971272
372,CHEMBL3235849,COc1ccc(OC)c(CN2CCc3nc(N4CCN(c5ncccn5)CC4)ncc3C2)c1,inactive inhibtor,447.5430000000002,2.1686999999999994,0.0,9.0,-4.546295835121443
373,CHEMBL3235850,CC1CCN(c2ncc3c(n2)CCN(Cc2ccc(Br)s2)C3)CC1,inactive inhibtor,407.3810000000001,4.095200000000004,0.0,5.0,-4.944285220688752
374,CHEMBL383824,CO[C@H]1/C=C\C=C(/C)C(=O)NC2=CC(=O)C(NCCN(C)C)=C(C[C@@H](C)C[C@H](OC)[C@H](O)[C@@H](C)/C=C(\C)[C@@H]1OC(N)=O)C2=O,inactive inhibtor,616.7560000000003,1.9132000000000022,4.0,10.0,-3.1492191126553797
375,CHEMBL1214827,CC(C)c1cc(C(=O)N2Cc3ccc(CN4CCN(C)CC4)cc3C2)c(O)cc1O,inactive inhibtor,409.5300000000002,3.1246000000000023,2.0,5.0,-2.5440680443502757
376,CHEMBL3235844,Fc1ccc(CN2CCc3nc(N4CCN(c5ncccn5)CC4)ncc3C2)cc1,inactive inhibtor,405.48100000000017,2.2906000000000004,0.0,7.0,-5.0
377,CHEMBL3235845,Clc1ccc(CN2CCc3nc(N4CCN(c5ncccn5)CC4)ncc3C2)cc1,inactive inhibtor,421.93600000000015,2.804900000000001,0.0,7.0,-5.0
378,CHEMBL3235847,CN(C)c1ccc(CN2CCc3nc(N4CCN(c5ncccn5)CC4)ncc3C2)cc1,inactive inhibtor,430.5600000000002,2.2174999999999994,0.0,8.0,-5.0
379,CHEMBL3235849,COc1ccc(OC)c(CN2CCc3nc(N4CCN(c5ncccn5)CC4)ncc3C2)c1,inactive inhibtor,447.5430000000002,2.1686999999999994,0.0,9.0,-4.656960182742849
380,CHEMBL383824,CO[C@H]1/C=C\C=C(/C)C(=O)NC2=CC(=O)C(NCCN(C)C)=C(C[C@@H](C)C[C@H](OC)[C@H](O)[C@@H](C)/C=C(\C)[C@@H]1OC(N)=O)C2=O,inactive inhibtor,616.7560000000003,1.9132000000000022,4.0,10.0,-1.9542425094393248
381,CHEMBL1214827,CC(C)c1cc(C(=O)N2Cc3ccc(CN4CCN(C)CC4)cc3C2)c(O)cc1O,inactive inhibtor,409.5300000000002,3.1246000000000023,2.0,5.0,-1.4771212547196624
382,CHEMBL3235851,COc1ccc(OC)c(C(=O)N2CCc3nc(N4CCN(c5ncccn5)CC4)ncc3C2)c1,inactive inhibtor,461.52600000000024,1.8088999999999995,0.0,9.0,-4.215901813204032
383,CHEMBL3235852,O=C(c1ccc(F)cc1)N1CCc2nc(N3CCN(c4ncccn4)CC3)ncc2C1,inactive inhibtor,419.4640000000001,1.9307999999999998,0.0,7.0,-4.434728541779758
384,CHEMBL3235853,O=C(c1ccc(Cl)cc1)N1CCc2nc(N3CCN(c4ncccn4)CC3)ncc2C1,inactive inhibtor,435.9190000000002,2.4451,0.0,7.0,-4.388811413473523
385,CHEMBL3235854,COc1ccc(C(=O)N2CCc3nc(N4CCN(c5ncccn5)CC4)ncc3C2)c(OC)c1,inactive inhibtor,461.52600000000024,1.8088999999999993,0.0,9.0,-3.8965262174895554
386,CHEMBL3235855,O=C(c1ccc(O)cc1O)N1CCc2nc(N3CCN(c4ncccn4)CC3)ncc2C1,active inhibtor,433.4720000000002,1.2028999999999999,2.0,9.0,-3.509202522331103
387,CHEMBL3235856,O=C(c1cc(Cl)c(O)cc1O)N1CCc2nc(N3CCN(c4ncccn4)CC3)ncc2C1,inactive inhibtor,467.9170000000003,1.8562999999999998,2.0,9.0,-2.9684829485539352
388,CHEMBL3235857,Nc1ncc2c(n1)CCN(C(=O)c1cc(Cl)c(O)cc1O)C2,inactive inhibtor,320.73600000000005,1.3219,3.0,6.0,-2.7075701760979363
389,CHEMBL3235858,Cc1ncc2c(n1)CCN(C(=O)c1cc(Cl)c(O)cc1O)C2,inactive inhibtor,319.74800000000005,2.04812,2.0,5.0,-2.6232492903979003
390,CHEMBL3235851,COc1ccc(OC)c(C(=O)N2CCc3nc(N4CCN(c5ncccn5)CC4)ncc3C2)c1,inactive inhibtor,461.52600000000024,1.8088999999999995,0.0,9.0,-4.605951157564873
391,CHEMBL3235852,O=C(c1ccc(F)cc1)N1CCc2nc(N3CCN(c4ncccn4)CC3)ncc2C1,inactive inhibtor,419.4640000000001,1.9307999999999998,0.0,7.0,-5.0
392,CHEMBL3235853,O=C(c1ccc(Cl)cc1)N1CCc2nc(N3CCN(c4ncccn4)CC3)ncc2C1,inactive inhibtor,435.9190000000002,2.4451,0.0,7.0,-5.0
393,CHEMBL3235854,COc1ccc(C(=O)N2CCc3nc(N4CCN(c5ncccn5)CC4)ncc3C2)c(OC)c1,inactive inhibtor,461.52600000000024,1.8088999999999993,0.0,9.0,-4.484869032720402
394,CHEMBL3235855,O=C(c1ccc(O)cc1O)N1CCc2nc(N3CCN(c4ncccn4)CC3)ncc2C1,inactive inhibtor,433.4720000000002,1.2028999999999999,2.0,9.0,-4.00987563371216
395,CHEMBL3235856,O=C(c1cc(Cl)c(O)cc1O)N1CCc2nc(N3CCN(c4ncccn4)CC3)ncc2C1,inactive inhibtor,467.9170000000003,1.8562999999999998,2.0,9.0,-3.2227164711475833
396,CHEMBL3235857,Nc1ncc2c(n1)CCN(C(=O)c1cc(Cl)c(O)cc1O)C2,inactive inhibtor,320.73600000000005,1.3219,3.0,6.0,-2.4913616938342726
397,CHEMBL3235858,Cc1ncc2c(n1)CCN(C(=O)c1cc(Cl)c(O)cc1O)C2,inactive inhibtor,319.74800000000005,2.04812,2.0,5.0,-2.0
398,CHEMBL297453,O=C(O[C@@H]1Cc2c(O)cc(O)cc2O[C@@H]1c1cc(O)c(O)c(O)c1)c1cc(O)c(O)c(O)c1,inactive inhibtor,458.37500000000017,2.233199999999999,8.0,11.0,-5.190331698170292
399,CHEMBL264938,O=C(O[C@@H]1Cc2c(O)cc(O)cc2O[C@H]1c1cc(O)c(O)c(O)c1)c1cc(O)c(O)c(O)c1,inactive inhibtor,458.37500000000017,2.233199999999999,8.0,11.0,-4.531478917042255
400,CHEMBL3264525,O=C(O[C@@H]1Cc2c(O)cc(O)cc2O[C@@H]1c1cc(O)c(O)c(O)c1)c1ccccc1,inactive inhibtor,410.3780000000001,3.1164000000000014,5.0,8.0,-4.380211241711606
401,CHEMBL3264526,O=C(O[C@@H]1Cc2c(O)cc(O)cc2O[C@@H]1c1cc(O)c(O)c(O)c1)c1ccc(F)cc1,inactive inhibtor,428.3680000000001,3.2555000000000005,5.0,8.0,-4.6127838567197355
402,CHEMBL3264527,O=C(O[C@@H]1Cc2c(O)cc(O)cc2O[C@@H]1c1cc(O)c(O)c(O)c1)c1ccc(F)c(F)c1,inactive inhibtor,446.3580000000001,3.3946000000000005,5.0,8.0,-4.763427993562937
403,CHEMBL3264528,O=C(O[C@@H]1Cc2c(O)cc(O)cc2O[C@@H]1c1cc(O)c(O)c(O)c1)c1ccncc1,inactive inhibtor,411.3660000000001,2.511400000000001,5.0,9.0,-4.8061799739838875
404,CHEMBL3264529,O=C(O[C@@H]1Cc2c(O)cc(O)cc2O[C@@H]1c1cc(O)c(O)c(O)c1)C1CCCCC1,inactive inhibtor,416.4260000000003,3.382900000000002,5.0,8.0,-4.477121254719663
405,CHEMBL3264530,O=C(N[C@@H]1Cc2c(O)cc(O)cc2O[C@@H]1c1cc(O)c(O)c(O)c1)c1ccccc1,inactive inhibtor,409.3940000000001,2.6894,6.0,7.0,-4.8750612633917
406,CHEMBL3264531,O=S(=O)(N[C@@H]1Cc2c(O)cc(O)cc2O[C@@H]1c1cc(O)c(O)c(O)c1)c1ccccc1,inactive inhibtor,445.4490000000001,2.237899999999999,6.0,8.0,-4.643452676486188
407,CHEMBL3264532,O=C(O[C@H]1Cc2c(O)cc(O)cc2O[C@@H]1c1ccc(O)c(O)c1)C1CCCCC1,inactive inhibtor,400.42700000000025,3.6773000000000025,4.0,7.0,-4.991226075692495
408,CHEMBL3264533,O=C(O[C@H]1Cc2c(O)cc(O)cc2O[C@@H]1c1ccc(O)c(O)c1)c1ccccc1,inactive inhibtor,394.3790000000001,3.410800000000002,4.0,7.0,-5.041392685158225
409,CHEMBL3264534,O=C(O[C@H]1Cc2c(O)cc(O)cc2O[C@@H]1c1ccc(O)c(O)c1)[C@H]1CC[C@@H](O)CC1,inactive inhibtor,416.4260000000002,2.6481000000000003,5.0,8.0,-5.447158031342219
410,CHEMBL3264535,O=C(O[C@@H]1Cc2c(O)cc(O)cc2O[C@@H]1c1ccc(O)c(O)c1)[C@H]1CC[C@@H](F)CC1,inactive inhibtor,418.4170000000002,3.625300000000003,4.0,7.0,-4.812913356642856
411,CHEMBL3264536,O=C(O[C@@H]1Cc2c(O)cc(O)cc2O[C@@H]1c1ccc(O)c(O)c1)[C@H]1CC[C@H](F)CC1,inactive inhibtor,418.4170000000002,3.625300000000003,4.0,7.0,-4.838849090737256
412,CHEMBL3264537,O=C(O[C@@H]1Cc2c(O)cc(O)cc2O[C@@H]1c1ccc(O)c(O)c1)C1CCCCC1,inactive inhibtor,400.42700000000025,3.6773000000000025,4.0,7.0,-4.9084850188786495
413,CHEMBL3264538,O=C(O[C@@H]1Cc2c(O)cc(O)cc2O[C@@H]1c1ccc(O)c(O)c1)[C@H]1CC[C@@H](O)CC1,active inhibtor,416.4260000000002,2.6481000000000003,5.0,8.0,-5.491361693834273
414,CHEMBL3264539,O=C(O[C@@H]1Cc2c(O)cc(O)cc2O[C@@H]1c1ccc(O)c(O)c1)[C@H]1CC[C@H](O)CC1,active inhibtor,416.4260000000002,2.6481000000000003,5.0,8.0,-5.643452676486188
415,CHEMBL3264540,O=C(O[C@@H]1Cc2c(O)cc(O)cc2O[C@@H]1c1ccc(O)c(O)c1)C1CC1,active inhibtor,358.3460000000001,2.5070000000000006,4.0,7.0,-5.6127838567197355
416,CHEMBL3264541,O=C(O[C@@H]1Cc2c(O)cc(O)cc2O[C@@H]1c1ccccc1)c1ccccc1,active inhibtor,362.38100000000003,3.999600000000002,2.0,5.0,-4.799340549453582
417,CHEMBL1923070,O=C(O[C@@H]1Cc2ccccc2O[C@@H]1c1ccccc1)c1cc(O)c(O)c(O)c1,active inhibtor,378.3800000000001,3.705200000000003,3.0,6.0,-4.544068044350276
418,CHEMBL3264542,O=C(O[C@H]1Cc2c(O)cc(O)cc2O[C@@H]1c1ccccc1)c1ccccc1,active inhibtor,362.38100000000003,3.999600000000002,2.0,5.0,-5.079181246047625
419,CHEMBL3264543,O=C(O[C@H]1Cc2c(O)cc(O)cc2O[C@@H]1c1ccccc1)c1cc(O)c(O)c(O)c1,active inhibtor,410.3780000000001,3.1164000000000005,5.0,8.0,-5.176091259055681
420,CHEMBL36506,CO[C@@H]1[C@@H](OC(N)=O)[C@@H](O)[C@H](Oc2ccc3c(O)c(NC(=O)c4ccc(O)c(CC=C(C)C)c4)c(=O)oc3c2C)OC1(C)C,active inhibtor,612.6320000000002,3.6271200000000023,5.0,11.0,-5.363611979892144
421,CHEMBL389471,CO[C@H]1[C@H](OC(=O)c2ccc(C)[nH]2)[C@H](O)[C@@H](Oc2ccc3c(O)c(NC(=O)c4c[nH]c(C(=O)Nc5c(O)c6ccc(O[C@H]7OC(C)(C)[C@@H](OC)[C@H](OC(=O)c8ccc(C)[nH]8)[C@@H]7O)c(C)c6oc5=O)c4C)c(=O)oc3c2C)OC1(C)C,active inhibtor,1110.0919999999996,5.572000000000005,9.0,20.0,-4.184691430817598
422,CHEMBL278315,COC1=C2C[C@@H](C)C[C@H](OC)[C@H](O)[C@@H](C)/C=C(\C)[C@H](OC(N)=O)[C@@H](OC)/C=C\C=C(/C)C(=O)NC(=CC1=O)C2=O,active inhibtor,560.6440000000002,2.4084000000000003,3.0,9.0,-1.0
423,CHEMBL3360762,CC[C@H](C)[C@H](NC(=O)[C@H](CCCNC(=N)N)NC(=O)[C@H](CC(N)=O)NC(=O)[C@H](C)NC(=O)[C@H](Cc1cnc[nH]1)NC(=O)[C@@H](NC(=O)[C@H](CCC(N)=O)NC(=O)[C@@H]1CCCN1C(=O)[C@H](CC(=O)O)NC(C)=O)[C@@H](C)O)C(=O)N[C@@H](Cc1ccc(O)cc1)C(=O)N[C@@H](CCCNC(=N)N)C(=O)N[C@@H](CCSC)C(=O)N[C@H](C(=O)N[C@@H](CCCCN)C(=O)N[C@@H](CC(C)C)C(=O)NCC(=O)N[C@@H](CC(C)C)C(=O)NCC(N)=O)[C@@H](C)CC,active inhibtor,2124.507,-8.489559999999901,31.0,29.0,-5.204119982655925
424,CHEMBL3360767,CC[C@H](C)[C@H](NC(=O)[C@H](CCCNC(=N)N)NC(=O)[C@H](CC(N)=O)NC(=O)[C@H](C)NC(=O)[C@H](Cc1cnc[nH]1)NC(=O)[C@@H](NC(=O)[C@H](CCC(N)=O)NC(=O)[C@@H]1CCCN1C(=O)[C@H](CC(=O)O)NC(C)=O)[C@@H](C)O)C(=O)N[C@@H](Cc1ccc(O)cc1)C(=O)N[C@@H](CCCNC(=N)N)C(=O)N[C@@H](CCSC)C(=O)N[C@H](C(=O)N[C@@H](CCCCN)C(=O)N[C@@H](CC(C)C)C(=O)N[C@@H](CC(C)C)C(=O)N[C@@H](CC(C)C)C(=O)NCC(N)=O)[C@@H](C)CC,active inhibtor,2180.615,-7.074859999999905,31.0,29.0,-4.269512944217916
425,CHEMBL3360769,CC[C@H](C)[C@H](NC(=O)[C@H](CCCNC(=N)N)NC(=O)[C@H](CC(N)=O)NC(=O)[C@H](C)NC(=O)[C@H](Cc1cnc[nH]1)NC(=O)[C@@H](NC(=O)[C@H](CCC(N)=O)NC(=O)[C@@H]1CCCN1C(=O)[C@H](CC(=O)O)NC(C)=O)[C@@H](C)O)C(=O)N[C@@H](Cc1ccc(O)cc1)C(=O)N[C@@H](CCCNC(=N)N)C(=O)N[C@@]1(C)CCC/C=C/CCC[C@@](C)(C(=O)N[C@@H](CC(C)C)C(=O)NCC(N)=O)NC(=O)[C@H](CC(C)C)NC(=O)[C@H](CCCCN)NC(=O)[C@H]([C@@H](C)CC)NC1=O,active inhibtor,2186.5969999999998,-6.18345999999991,31.0,28.0,-4.27415784926368
426,CHEMBL3360770,C=CCCC[C@](C)(NC(=O)[C@H](CC(C)C)NC(=O)[C@H](CCCCN)NC(=O)[C@@H](NC(=O)[C@](C)(CCCC=C)NC(=O)[C@H](CCCNC(=N)N)NC(=O)[C@H](Cc1ccc(O)cc1)NC(=O)[C@@H](NC(=O)[C@H](CCCNC(=N)N)NC(=O)[C@H](CC(N)=O)NC(=O)[C@H](C)NC(=O)[C@H](Cc1cnc[nH]1)NC(=O)[C@@H](NC(=O)[C@H](CCC(N)=O)NC(=O)[C@@H]1CCCN1C(=O)[C@H](CC(=O)O)NC(C)=O)[C@@H](C)O)[C@@H](C)CC)[C@@H](C)CC)C(=O)N[C@@H](CC(C)C)C(=O)NCC(N)=O,active inhibtor,2214.651,-5.3812599999999025,31.0,28.0,-4.198657086954423
427,CHEMBL3360771,CSCC[C@@H]1NC(=O)[C@H](CCCNC(=N)N)NC(=O)[C@H](Cc2ccc(O)cc2)NC(=O)[C@@H](NC(=O)[C@H](CCCNC(=N)N)NC(=O)[C@H](CC(N)=O)NC(=O)[C@H](C)NC(=O)[C@H](Cc2cnc[nH]2)NC(=O)[C@@H](NC(=O)[C@H](CCC(N)=O)NC(=O)[C@@H]2CCCN2C(=O)[C@H](CC(=O)O)NC(C)=O)[C@@H](C)O)CCCCNC(=O)C[C@@H](C(=O)N[C@@H](CCCCN)C(=O)N[C@@H](CC(C)C)C(=O)NCC(=O)N[C@@H](CC(C)C)C(=O)NCC(N)=O)NC1=O,active inhibtor,2123.4350000000004,-10.891559999999872,32.0,30.0,-5.079181246047625
428,CHEMBL3360772,CC[C@H](C)[C@H](NC(=O)[C@H](CCCNC(=N)N)NC(=O)[C@H](CC(N)=O)NC(=O)[C@H](C)NC(=O)[C@H](Cc1cnc[nH]1)NC(=O)[C@@H](NC(=O)[C@H](CCC(N)=O)NC(=O)[C@@H]1CCCN1C(=O)[C@H](CC(=O)O)NC(C)=O)[C@@H](C)O)C(=O)N[C@@H](Cc1ccc(O)cc1)C(=O)N[C@@H](CCCNC(=N)N)C(=O)N[C@H]1CCCCNC(=O)C[C@@H](C(=O)N[C@@H](CC(C)C)C(=O)NCC(N)=O)NC(=O)[C@H](CC(C)C)NC(=O)[C@H](CCCCN)NC(=O)[C@H]([C@@H](C)CC)NC1=O,active inhibtor,2161.503,-9.183859999999894,32.0,29.0,-4.826074802700826
429,CHEMBL3360773,CC[C@H](C)[C@H](NC(=O)[C@H](CCCNC(=N)N)NC(=O)[C@H](CC(N)=O)NC(=O)[C@H](C)NC(=O)[C@H](Cc1cnc[nH]1)NC(=O)[C@@H](NC(=O)[C@H](CCC(N)=O)NC(=O)[C@@H]1CCCN1C(=O)[C@H](CC(=O)O)NC(C)=O)[C@@H](C)O)C(=O)N[C@@H](Cc1ccc(O)cc1)C(=O)N[C@@H](CCCNC(=N)N)C(=O)N[C@@H](CCSC)C(=O)N[C@H](C(=O)N[C@H]1CCCCNC(=O)C[C@@H](C(=O)O)NC(=O)[C@H](CC(C)C)NC(=O)CNC(=O)[C@H](CC(C)C)NC1=O)[C@@H](C)CC,active inhibtor,2165.512,-7.960459999999917,31.0,29.0,-5.08278537031645
430,CHEMBL3360774,CC[C@H](C)[C@H](NC(=O)[C@H](CCCNC(=N)N)NC(=O)[C@H](CC(N)=O)NC(=O)[C@H](C)NC(=O)[C@H](Cc1cnc[nH]1)NC(=O)[C@@H](NC(=O)[C@H](CCC(N)=O)NC(=O)[C@@H]1CCCN1C(=O)[C@H](CC(=O)O)NC(C)=O)[C@@H](C)O)C(=O)N[C@@H](Cc1ccc(O)cc1)C(=O)N[C@@H](CCCNC(=N)N)C(=O)N[C@H](C(=O)N[C@@H](CCCCN)C(=O)N[C@@H](CC(C)C)C(=O)N[C@@H](CC(C)C)C(=O)NCC(N)=O)[C@@H](C)CC,active inhibtor,1936.2550000000006,-7.843659999999922,29.0,26.0,-4.017033339298781
431,CHEMBL3360775,CC[C@H](C)[C@H](NC(=O)[C@H](CCCNC(=N)N)NC(=O)[C@H](CC(N)=O)NC(=O)[C@H](C)NC(=O)[C@H](Cc1cnc[nH]1)NC(=O)[C@@H](NC(=O)[C@H](CCC(N)=O)NC(=O)[C@@H]1CCCN1C(=O)[C@H](CC(=O)O)NC(C)=O)[C@@H](C)O)C(=O)N[C@@H](Cc1ccc(O)cc1)C(=O)N[C@@H](CCCNC(=N)N)C(=O)N[C@@H](CCSC)C(=O)N[C@H](C(=O)N[C@@H](CCCCN)C(=O)N[C@@H](CC(C)C)C(=O)N[C@@H](Cc1c[nH]c2ccccc12)C(=O)N[C@@H](CC(C)C)C(=O)NCC(N)=O)[C@@H](C)CC,active inhibtor,2253.669,-6.396959999999906,32.0,29.0,-4.225309281725863
432,CHEMBL3360776,CC[C@H](C)[C@H](NC(=O)[C@H](CCCNC(=N)N)NC(=O)[C@H](CC(N)=O)NC(=O)[C@H](C)NC(=O)[C@H](Cc1cnc[nH]1)NC(=O)[C@@H](NC(=O)[C@H](CCC(N)=O)NC(=O)[C@@H]1CCCN1C(=O)[C@H](CC(=O)O)NC(C)=O)[C@@H](C)O)C(=O)N[C@@H](Cc1ccc(O)cc1)C(=O)N[C@@H](CCCNC(=N)N)C(=O)N[C@@H](CCSC)C(=O)N[C@H](C(=O)N[C@H]1CCCCNC(=O)C[C@@H](C(N)=O)NC(=O)[C@H](CC(C)C)NC(=O)[C@H](Cc2c[nH]c3ccccc23)NC(=O)[C@H](CC(C)C)NC1=O)[C@@H](C)CC,active inhibtor,2293.6899999999987,-6.467159999999912,32.0,29.0,-4.431363764158987
433,CHEMBL3360777,CC[C@H](C)[C@H](NC(=O)[C@H](CCCNC(=N)N)NC(=O)[C@H](CC(N)=O)NC(=O)[C@H](C)NC(=O)[C@H](Cc1cnc[nH]1)NC(=O)[C@@H](NC(=O)[C@H](CCC(N)=O)NC(=O)[C@@H]1CCCN1C(=O)[C@H](CC(=O)O)NC(C)=O)[C@@H](C)O)C(=O)N[C@@H](Cc1c[nH]c2ccccc12)C(=O)N[C@@H](CCCNC(=N)N)C(=O)N[C@@H](CCSC)C(=O)N[C@H](C(=O)N[C@H]1CCCCNC(=O)C[C@@H](C(N)=O)NC(=O)[C@H](CC(C)C)NC(=O)[C@H](Cc2c[nH]c3ccccc23)NC(=O)[C@H](CC(C)C)NC1=O)[C@@H](C)CC,active inhibtor,2316.7279999999982,-5.6914599999999,32.0,28.0,-2.863322860120456
434,CHEMBL190439,C#CCCCn1c(Sc2ccccc2Cl)nc2c(N)ncnc21,active inhibtor,343.84300000000013,3.626500000000001,1.0,6.0,-5.0
435,CHEMBL193892,C#CCCCn1c(Sc2ccccc2OC)nc2c(N)ncnc21,active inhibtor,339.4240000000001,2.9817,1.0,7.0,-5.0
436,CHEMBL190438,C#CCCCn1c(Sc2ccccc2CO)nc2c(N)ncnc21,active inhibtor,339.4240000000001,2.465399999999999,2.0,7.0,-5.0
437,CHEMBL371372,C#CCCCn1c(Sc2ccccc2OC(F)(F)F)nc2c(N)ncnc21,active inhibtor,393.3940000000001,3.8717000000000015,1.0,7.0,-5.0
438,CHEMBL370286,C#CCCCn1c(Sc2ccc(OC)cc2)nc2c(N)ncnc21,active inhibtor,339.4240000000001,2.9817,1.0,7.0,-5.0
439,CHEMBL365118,C#CCCCn1c(Sc2ccc(Cl)cc2Cl)nc2c(N)ncnc21,active inhibtor,378.2880000000001,4.279900000000002,1.0,6.0,-5.477121254719663
440,CHEMBL424824,C#CCCCn1c(Sc2ccc(C)cc2C)nc2c(N)ncnc21,active inhibtor,337.4520000000001,3.5899400000000012,1.0,6.0,-5.477121254719663
441,CHEMBL371570,C#CCCCn1c(Sc2ccc(OC)cc2OC)nc2c(N)ncnc21,active inhibtor,369.4500000000001,2.9903000000000004,1.0,8.0,-4.698970004336019
442,CHEMBL364450,C#CCCCn1c(Sc2cc(Cl)ccc2Cl)nc2c(N)ncnc21,active inhibtor,378.2880000000001,4.279900000000002,1.0,6.0,-5.0
443,CHEMBL364239,C#CCCCn1c(Sc2cc(C)ccc2C)nc2c(N)ncnc21,active inhibtor,337.4520000000001,3.5899400000000012,1.0,6.0,-5.477121254719663
444,CHEMBL364456,C#CCCCn1c(Sc2cc(C(F)(F)F)ccc2Cl)nc2c(N)ncnc21,active inhibtor,411.84000000000015,4.645300000000002,1.0,6.0,-5.0
445,CHEMBL192013,C#CCCCn1c(Sc2cc(Cl)cc(Cl)c2)nc2c(N)ncnc21,active inhibtor,378.2880000000001,4.279900000000002,1.0,6.0,-5.698970004336019
446,CHEMBL3426734,C#CCCCn1c(Sc2cc(Cl)cc(Br)c2)nc2c(N)ncnc21,active inhibtor,422.73900000000015,4.389000000000002,1.0,6.0,-5.0
447,CHEMBL195096,C#CCCCn1c(Sc2cc(C)cc(C)c2)nc2c(N)ncnc21,active inhibtor,337.4520000000001,3.5899400000000012,1.0,6.0,-5.477121254719663
448,CHEMBL3426739,C#CCCCn1c(Sc2ccc(Cl)c(Cl)c2Cl)nc2c(N)ncnc21,inactive inhibtor,412.7330000000002,4.933300000000001,1.0,6.0,-4.5962671263955155
449,CHEMBL192480,C#CCCCn1c(Sc2cc(Cl)c(Cl)cc2Cl)nc2c(N)ncnc21,inactive inhibtor,412.7330000000002,4.933300000000001,1.0,6.0,-5.301029995663981
450,CHEMBL3426740,C#CCCCn1c(Sc2c(C)cc(C)cc2C)nc2c(N)ncnc21,active inhibtor,351.4790000000001,3.898360000000001,1.0,6.0,-5.698970004336019
451,CHEMBL200102,CC(C)NCCCn1c(Sc2cc3c(cc2I)OCO3)nc2c(N)ncnc21,active inhibtor,512.3770000000002,3.2811000000000003,2.0,9.0,-1.6232492903979006
452,CHEMBL3426741,C#CCCn1c(Sc2cc(Cl)cc(Cl)c2)nc2c(N)ncnc21,inactive inhibtor,364.2610000000001,3.889800000000002,1.0,6.0,-5.0
453,CHEMBL3426742,C#CCCCCn1c(Sc2cc(Cl)cc(Cl)c2)nc2c(N)ncnc21,inactive inhibtor,392.31500000000017,4.670000000000003,1.0,6.0,-5.0
454,CHEMBL3426743,CC#CCn1c(Sc2cc(Cl)cc(Cl)c2)nc2c(N)ncnc21,active inhibtor,364.2610000000001,3.889800000000002,1.0,6.0,-5.0
455,CHEMBL3426744,Nc1ncnc2c1nc(Sc1cc(Cl)cc(Cl)c1)n2CCC(F)(F)F,active inhibtor,408.23600000000005,4.818900000000001,1.0,6.0,-5.0
456,CHEMBL3426745,Nc1ncnc2c1nc(Sc1cc(Cl)cc(Cl)c1)n2CCCC(F)(F)F,active inhibtor,422.2630000000001,5.209000000000001,1.0,6.0,-5.0
457,CHEMBL3426746,Nc1ncnc2c1nc(Sc1cc(Cl)cc(Cl)c1)n2CCCCC(F)(F)F,active inhibtor,436.29000000000013,5.599100000000002,1.0,6.0,-5.0
458,CHEMBL3426747,Nc1ncnc2c1nc(Sc1cc(Cl)cc(Cl)c1)n2CCCCCC(F)(F)F,active inhibtor,450.3170000000002,5.989200000000002,1.0,6.0,-5.0
459,CHEMBL3426748,N#CCCCn1c(Sc2cc(Cl)cc(Cl)c2)nc2c(N)ncnc21,active inhibtor,379.2760000000001,4.170280000000002,1.0,7.0,-5.0
460,CHEMBL3426749,Nc1ncnc2c1nc(Sc1cc(Cl)cc(Cl)c1)n2Cc1ccccc1,active inhibtor,402.31000000000006,4.914800000000002,1.0,6.0,-5.0
461,CHEMBL3426750,Nc1ncnc2c1nc(Sc1cc(Cl)cc(Cl)c1)n2CCc1ccccc1,active inhibtor,416.3370000000001,5.109200000000003,1.0,6.0,-5.0
462,CHEMBL3426764,N#CCCCn1cnc(N)c2nc(Sc3ccccc3Cl)nc1-2,active inhibtor,344.831,3.4684800000000013,1.0,7.0,-5.0
463,CHEMBL3426765,COc1ccccc1Sc1nc2c(N)ncn(CCCC#N)c-2n1,active inhibtor,340.41200000000015,2.8236800000000013,1.0,8.0,-5.0
464,CHEMBL3426766,N#CCCCn1cnc(N)c2nc(Sc3ccccc3CO)nc1-2,active inhibtor,340.4120000000001,2.3073800000000007,2.0,8.0,-5.0
465,CHEMBL3426767,N#CCCCn1cnc(N)c2nc(Sc3ccccc3OC(F)(F)F)nc1-2,active inhibtor,394.38200000000006,3.713680000000002,1.0,8.0,-5.0
466,CHEMBL3426768,N#CCCCn1cnc(N)c2nc(Sc3ccc(Cl)cc3Cl)nc1-2,active inhibtor,379.27600000000007,4.121880000000002,1.0,7.0,-5.698970004336019
467,CHEMBL3426769,Cc1ccc(Sc2nc3c(N)ncn(CCCC#N)c-3n2)c(C)c1,active inhibtor,338.44000000000005,3.4319200000000025,1.0,7.0,-5.3979400086720375
468,CHEMBL3426770,COc1ccc(Sc2nc3c(N)ncn(CCCC#N)c-3n2)c(OC)c1,active inhibtor,370.43800000000016,2.832280000000001,1.0,9.0,-5.0
469,CHEMBL3426771,N#CCCCn1cnc(N)c2nc(Sc3cc(Cl)ccc3Cl)nc1-2,active inhibtor,379.27600000000007,4.121880000000002,1.0,7.0,-5.0
470,CHEMBL3426772,Cc1ccc(C)c(Sc2nc3c(N)ncn(CCCC#N)c-3n2)c1,active inhibtor,338.4400000000001,3.4319200000000016,1.0,7.0,-5.0
471,CHEMBL3426773,N#CCCCn1cnc(N)c2nc(Sc3cc(C(F)(F)F)ccc3Cl)nc1-2,active inhibtor,412.8280000000001,4.487280000000002,1.0,7.0,-5.0
472,CHEMBL3426774,N#CCCCn1cnc(N)c2nc(Sc3cc(Cl)cc(Cl)c3)nc1-2,active inhibtor,379.27600000000007,4.121880000000002,1.0,7.0,-5.0
473,CHEMBL3426775,Cc1cc(C)cc(Sc2nc3c(N)ncn(CCCC#N)c-3n2)c1,active inhibtor,338.4400000000001,3.4319200000000016,1.0,7.0,-5.0
474,CHEMBL3426776,N#CCCCn1cnc(N)c2nc(Sc3cc(Cl)c(Cl)cc3Cl)nc1-2,active inhibtor,413.7210000000001,4.775280000000002,1.0,7.0,-5.0
475,CHEMBL3426777,Cc1cc(C)c(Sc2nc3c(N)ncn(CCCC#N)c-3n2)c(C)c1,active inhibtor,352.4670000000001,3.7403400000000024,1.0,7.0,-5.0
476,CHEMBL3426779,CC(C)NCCCn1cnc(N)c2nc(Sc3cc(Cl)cc(Cl)c3)nc1-2,active inhibtor,411.3620000000001,4.206200000000003,2.0,7.0,-5.0
477,CHEMBL3426781,CC(C)NCCCn1c(Sc2cc(Cl)cc(Cl)c2)nc2c(N)ncnc21,active inhibtor,411.36200000000014,4.254600000000003,2.0,7.0,-4.6211762817750355
478,CHEMBL3600800,CCNC(=O)c1noc(-c2cc(C(C)C)c(O)cc2O)c1C#CC(C)(C)NC(=O)c1ccc(F)nc1,active inhibtor,494.52300000000025,3.720100000000002,4.0,7.0,-1.863322860120456
479,CHEMBL3600799,CCNC(=O)c1noc(-c2cc(C(C)C)c(O)cc2O)c1C#CC(C)(C)NC(=O)c1ccc(C(F)(F)F)nc1,active inhibtor,544.5300000000002,4.599800000000004,4.0,7.0,-2.5899496013257077
480,CHEMBL3600798,CCNC(=O)c1noc(-c2cc(C(C)C)c(O)cc2O)c1C#CC(C)(C)NC(=O)c1ccc(OC)nc1,active inhibtor,506.5590000000003,3.5896000000000017,4.0,8.0,-2.5943925503754266
481,CHEMBL3600797,CCNC(=O)c1noc(-c2cc(C(C)C)c(O)cc2O)c1C#CC(C)(C)NC(=O)c1cnc2ccccc2c1,active inhibtor,526.5930000000003,4.734200000000004,4.0,7.0,-2.0791812460476247
482,CHEMBL3600796,CCNC(=O)c1noc(-c2cc(C(C)C)c(O)cc2O)c1C#CC(C)(C)NC(=O)c1ccc(C)nc1,active inhibtor,490.5600000000003,3.889420000000003,4.0,7.0,-2.155336037465062
483,CHEMBL3600795,CCNC(=O)c1noc(-c2cc(C(C)C)c(O)cc2O)c1C#CC(C)(C)NC(=O)c1cccnc1,inactive inhibtor,476.53300000000024,3.581000000000002,4.0,7.0,-2.1789769472931693
484,CHEMBL3600794,CCNC(=O)c1noc(-c2cc(C(C)C)c(O)cc2O)c1C#CC(C)(C)NC(=O)c1ccc(C(F)(F)F)cc1,inactive inhibtor,543.5420000000003,5.204800000000004,4.0,6.0,-3.247973266361807
485,CHEMBL3600793,CCNC(=O)c1noc(-c2cc(C(C)C)c(O)cc2O)c1C#CC(C)(C)NCc1ccc(C(F)(F)F)cc1,active inhibtor,529.5590000000003,5.564600000000006,4.0,6.0,-2.649334858712142
486,CHEMBL3600792,CCNC(=O)c1noc(-c2cc(C(C)C)c(O)cc2O)c1C#CC(C)(C)NC(=O)c1ccco1,active inhibtor,465.50600000000026,3.7790000000000026,4.0,7.0,-2.0453229787866576
487,CHEMBL3600791,CCNC(=O)c1noc(-c2cc(C(C)C)c(O)cc2O)c1C#CC(C)(C)NC(=O)N1CCOCC1,active inhibtor,484.5530000000004,2.7978000000000014,4.0,7.0,-2.100370545117563
488,CHEMBL3600790,CCNC(=O)c1noc(-c2cc(C(C)C)c(O)cc2O)c1C#CC(C)(C)NC(=O)N(C)C,active inhibtor,442.51600000000025,3.0272000000000014,4.0,6.0,-1.8325089127062364
489,CHEMBL3600789,CCNC(=O)c1noc(-c2cc(C(C)C)c(O)cc2O)c1C#CC(C)(C)NC(=O)C1CCCCC1,active inhibtor,481.5930000000004,4.452500000000003,4.0,6.0,-2.584331224367531
490,CHEMBL3600387,CCNC(=O)c1noc(-c2cc(C(C)C)c(O)cc2O)c1C#CC(C)(C)NC(=O)C1CCCC1,active inhibtor,467.5660000000004,4.062400000000003,4.0,6.0,-2.0644579892269186
491,CHEMBL3600514,CCNC(=O)c1noc(-c2cc(C(C)C)c(O)cc2O)c1C#CC(C)(C)NC(=O)C1CC1,active inhibtor,439.5120000000003,3.2822000000000013,4.0,6.0,-2.03342375548695
492,CHEMBL3600513,CCNC(=O)c1noc(-c2cc(C(C)C)c(O)cc2O)c1C#CC(C)(C)NC(C)=O,inactive inhibtor,413.4740000000002,2.892100000000001,4.0,6.0,-1.8808135922807914
493,CHEMBL3600512,CCNC(=O)c1noc(-c2cc(C(C)C)c(O)cc2O)c1C#CC(C)(C)NS(=O)(=O)c1ccc(C)cc1,active inhibtor,525.6270000000003,4.042920000000003,4.0,7.0,-2.374748346010104
494,CHEMBL3600511,CCNC(=O)c1noc(-c2cc(C(C)C)c(O)cc2O)c1C#CC(C)(C)NS(C)(=O)=O,active inhibtor,449.5290000000002,2.3052,4.0,7.0,-2.0043213737826426
495,CHEMBL3600510,CCNC(=O)c1noc(-c2cc(C(C)C)c(O)cc2O)c1C#CCNC(=O)c1cnc2ccccc2c1,active inhibtor,498.53900000000027,3.955600000000003,4.0,7.0,-2.2227164711475833
496,CHEMBL3600509,CCNC(=O)c1noc(-c2cc(C(C)C)c(O)cc2O)c1C#CCNC(=O)c1ccc2ccccc2c1,active inhibtor,497.5510000000003,4.5606000000000035,4.0,6.0,-3.041392685158225
497,CHEMBL3600508,CCNC(=O)c1noc(-c2cc(C(C)C)c(O)cc2O)c1C#CCNC(=O)c1ccc(C(F)(F)F)nc1,active inhibtor,516.4760000000002,3.821200000000003,4.0,7.0,-2.164352855784437
498,CHEMBL3600507,CCNC(=O)c1noc(-c2cc(C(C)C)c(O)cc2O)c1C#CCNC(=O)c1ccc(C(F)(F)F)cc1,active inhibtor,515.4880000000003,4.426200000000003,4.0,6.0,-2.173186268412274
499,CHEMBL3600506,CCNC(=O)c1noc(-c2cc(C(C)C)c(O)cc2O)c1C#CN1CCN(C(=O)c2ccc(C(F)(F)F)nc2)CC1,active inhibtor,571.5560000000002,3.806700000000003,3.0,8.0,-2.204119982655925
500,CHEMBL3600505,CCNC(=O)c1noc(-c2cc(C(C)C)c(O)cc2O)c1C#CN1CCC(NC(=O)c2ccc(C(F)(F)F)nc2)CC1,active inhibtor,585.5830000000001,4.243100000000004,4.0,8.0,-1.9395192526186185
501,CHEMBL3600504,CCNC(=O)c1noc(-c2cc(C(C)C)c(O)cc2O)c1C#CCN1CCSCC1,active inhibtor,429.5420000000003,3.026200000000002,3.0,7.0,-2.0569048513364727
502,CHEMBL3600503,CCNC(=O)c1noc(-c2cc(C(C)C)c(O)cc2O)c1C#CCN1CCS(=O)(=O)CC1,active inhibtor,461.54000000000036,1.7078000000000002,3.0,8.0,-1.9395192526186185
503,CHEMBL3600502,CCNC(=O)c1noc(-c2cc(C(C)C)c(O)cc2O)c1C#CCN1C[C@@H](C)O[C@@H](C)C1,active inhibtor,441.5280000000003,3.0866000000000016,3.0,7.0,-2.130333768495006
504,CHEMBL3600501,CCNC(=O)c1noc(-c2cc(C(C)C)c(O)cc2O)c1C#CCN1CCC(=NOC)CC1,inactive inhibtor,454.5270000000004,3.0756000000000014,3.0,8.0,-2.1522883443830563
505,CHEMBL3600500,CCNC(=O)c1noc(-c2cc(C(C)C)c(O)cc2O)c1C#CCN1CCOCC1,inactive inhibtor,413.47400000000033,2.3096000000000005,3.0,7.0,-1.919078092376074
506,CHEMBL3600499,CCNC(=O)c1noc(-c2cc(C(C)C)c(O)cc2O)c1C#CC1CC1,inactive inhibtor,354.4060000000002,3.387400000000002,3.0,5.0,-1.5440680443502757
507,CHEMBL3600498,CCNC(=O)c1noc(-c2cc(C(C)C)c(O)cc2O)c1C#CC1CCCC1,active inhibtor,382.46000000000026,4.167600000000004,3.0,5.0,-1.99563519459755
508,CHEMBL3600497,CCNC(=O)c1noc(-c2cc(C(C)C)c(O)cc2O)c1C#CC1CCCCC1,inactive inhibtor,396.4870000000003,4.557700000000004,3.0,5.0,-2.1492191126553797
509,CHEMBL3600496,CCNC(=O)c1noc(-c2cc(C(C)C)c(O)cc2O)c1C#Cc1ccccc1,inactive inhibtor,390.43900000000014,4.025700000000003,3.0,5.0,-2.1583624920952498
510,CHEMBL3600495,CCNC(=O)c1noc(-c2cc(C(C)C)c(O)cc2O)c1C#Cc1ccc(C(C)(C)C)cc1,inactive inhibtor,446.54700000000025,5.323200000000005,3.0,5.0,-2.866877814337499
511,CHEMBL3600494,CC(C)NC(=O)c1noc(-c2cc(C(C)C)c(O)cc2O)c1C#Cc1ccccc1,active inhibtor,404.4660000000001,4.414200000000004,3.0,5.0,-2.123851640967086
512,CHEMBL3600435,CC(C)NC(=O)c1noc(-c2cc(C(C)C)c(O)cc2O)c1C#CCN1CCOCC1,inactive inhibtor,427.5010000000003,2.698100000000001,3.0,7.0,-2.2600713879850747
513,CHEMBL3600434,CC(C)c1cc(-c2onc(C(N)=O)c2C#CCN2CCOCC2)c(O)cc1O,inactive inhibtor,385.4200000000002,1.6588,3.0,7.0,-2.803457115648414
514,CHEMBL252164,CCNC(=O)c1noc(-c2cc(C(C)C)c(O)cc2O)c1-c1ccc(CN2CCOCC2)cc1,inactive inhibtor,465.55000000000035,4.125100000000003,3.0,7.0,-1.9294189257142929
515,CHEMBL1514322,CCc1cc(C(=O)Cn2cnc3ccccc32)c(O)cc1O,inactive inhibtor,296.326,2.8928000000000016,2.0,5.0,-4.698970004336019
516,CHEMBL3686073,CC(C)c1cc(-c2nnc(Nc3ccccc3)n2-c2ccc3c(ccn3C)c2)c(O)cc1O,inactive inhibtor,439.5190000000002,5.704200000000005,3.0,7.0,-3.146128035678238
517,CHEMBL3686074,CNc1nnc(-c2cc(C(C)C)c(O)cc2O)n1-c1ccc2c(ccn2C)c1,inactive inhibtor,377.4480000000001,4.002300000000003,3.0,7.0,-3.5440680443502757
518,CHEMBL3686075,CC(C)c1cc(-c2nnc(NCc3ccccc3)n2-c2ccc3c(ccn3C)c2)c(O)cc1O,inactive inhibtor,453.5460000000002,5.5727000000000055,3.0,7.0,-4.544068044350276
519,CHEMBL3686076,CC(C)c1cc(-c2nnc(Nc3ccc4ncccc4c3)n2-c2ccc3c(ccn3C)c2)c(O)cc1O,inactive inhibtor,490.56700000000023,6.252400000000006,3.0,8.0,-2.832508912706236
520,CHEMBL3686077,CC(C)c1cc(-c2nnc(Nc3cccc(N)c3)n2-c2ccc3c(ccn3C)c2)c(O)cc1O,inactive inhibtor,454.5340000000002,5.286400000000005,4.0,8.0,-3.462397997898956
521,CHEMBL3686078,CC(C)c1cc(-c2nnc(Nc3cccc(C(F)(F)F)c3)n2-c2ccc3c(ccn3C)c2)c(O)cc1O,inactive inhibtor,507.5160000000002,6.723000000000006,3.0,7.0,-3.6989700043360187
522,CHEMBL3686079,COc1cccc(Nc2nnc(-c3cc(C(C)C)c(O)cc3O)n2-c2ccc3c(ccn3C)c2)c1,inactive inhibtor,469.54500000000013,5.712800000000007,3.0,8.0,-3.255272505103306
523,CHEMBL3686080,CC(C)c1cc(-c2nnc(NC(=O)c3ccccc3)n2-c2ccc3c(ccn3C)c2)c(O)cc1O,active inhibtor,467.5290000000002,5.212900000000006,3.0,7.0,-3.4149733479708178
524,CHEMBL3686081,Cc1cc(C(=O)Nc2nnc(-c3cc(C(C)C)c(O)cc3O)n2-c2ccc3c(ccn3C)c2)no1,inactive inhibtor,472.50500000000017,4.509320000000003,3.0,9.0,-3.895422546039408
525,CHEMBL3686082,CC(=O)Nc1nnc(-c2cc(C(C)C)c(O)cc2O)n1-c1ccc2c(ccn2C)c1,inactive inhibtor,405.45800000000014,3.9190000000000023,3.0,7.0,-2.582063362911709
526,CHEMBL3686083,CCCC(=O)Nc1nnc(-c2cc(C(C)C)c(O)cc2O)n1-c1ccc2c(ccn2C)c1,inactive inhibtor,433.51200000000017,4.699200000000004,3.0,7.0,-3.146128035678238
527,CHEMBL3686084,COCC(=O)Nc1nnc(-c2cc(C(C)C)c(O)cc2O)n1-c1ccc2c(ccn2C)c1,inactive inhibtor,435.48400000000015,3.5455000000000014,3.0,8.0,-3.255272505103306
528,CHEMBL3686085,CC(C)C(=O)Nc1nnc(-c2cc(C(C)C)c(O)cc2O)n1-c1ccc2c(ccn2C)c1,active inhibtor,433.51200000000017,4.555100000000004,3.0,7.0,-3.1931245983544616
529,CHEMBL3686086,CC(C)c1cc(-c2nnc(NC(=O)c3ccco3)n2-c2ccc3c(ccn3C)c2)c(O)cc1O,active inhibtor,457.4900000000002,4.805900000000006,3.0,8.0,-3.0170333392987803
530,CHEMBL3686087,CC(C)c1cc(-c2nnc(NC(=O)Cc3ccccc3)n2-c2ccc3c(ccn3C)c2)c(O)cc1O,active inhibtor,481.5560000000002,5.141800000000005,3.0,7.0,-3.164352855784437
531,CHEMBL3686088,CC(C)c1cc(-c2nnc(NC(=O)c3ccc(F)c(F)c3)n2-c2ccc3c(ccn3C)c2)c(O)cc1O,active inhibtor,503.5090000000002,5.491100000000005,3.0,7.0,-3.225309281725863
532,CHEMBL3686089,CC(C)c1cc(-c2nnc(NC(=O)C(F)(F)F)n2-c2ccc3c(ccn3C)c2)c(O)cc1O,inactive inhibtor,459.42800000000017,4.461400000000005,3.0,7.0,-3.4771212547196626
533,CHEMBL3686090,CC(C)c1cc(-c2nnc(NC(=O)COc3ccc(Cl)cc3)n2-c2ccc3c(ccn3C)c2)c(O)cc1O,inactive inhibtor,532.0000000000002,5.631500000000005,3.0,8.0,-3.437750562820388
534,CHEMBL3686091,CC(C)c1cc(-c2nnc(NC(=O)C3CCCC3)n2-c2ccc3c(ccn3C)c2)c(O)cc1O,inactive inhibtor,459.5500000000001,5.089300000000006,3.0,7.0,-3.77232170672292
